{"level":"info","message":"Hello from Aquisations!","service":"acquisitions-api"}
{"level":"info","message":"::1 - - [21/Mar/2026:11:34:55 +0000] \"GET / HTTP/1.1\" 304 - \"-\" \"Mozilla/5.0 (Windows NT 10.0; Win64; x64) AppleWebKit/537.36 (KHTML, like Gecko) Chrome/146.0.0.0 Safari/537.36\"","service":"acquisitions-api"}
{"level":"info","message":"Hello from Acquisitions!","service":"acquisitions-api","timestamp":"2026-03-24T13:24:28.876Z"}
{"level":"info","message":"::1 - - [24/Mar/2026:13:24:28 +0000] \"GET / HTTP/1.1\" 200 24 \"-\" \"HTTPie\"","service":"acquisitions-api","timestamp":"2026-03-24T13:24:28.911Z"}
{"level":"info","message":"::1 - - [24/Mar/2026:13:24:58 +0000] \"GET /api HTTP/1.1\" 200 42 \"-\" \"HTTPie\"","service":"acquisitions-api","timestamp":"2026-03-24T13:24:58.666Z"}
{"level":"info","message":"::1 - - [24/Mar/2026:13:25:07 +0000] \"GET /health HTTP/1.1\" 200 74 \"-\" \"HTTPie\"","service":"acquisitions-api","timestamp":"2026-03-24T13:25:07.713Z"}
{"level":"info","message":"::1 - - [24/Mar/2026:13:25:45 +0000] \"POST /api/auth/sign-in HTTP/1.1\" 200 31 \"-\" \"HTTPie\"","service":"acquisitions-api","timestamp":"2026-03-24T13:25:45.187Z"}
{"level":"info","message":"::1 - - [24/Mar/2026:14:11:37 +0000] \"POST /api/auth/sign-in HTTP/1.1\" 200 31 \"-\" \"HTTPie\"","service":"acquisitions-api","timestamp":"2026-03-24T14:11:37.038Z"}
{"level":"info","message":"::1 - - [24/Mar/2026:14:11:49 +0000] \"POST /api/auth/sign-uo HTTP/1.1\" 404 156 \"-\" \"HTTPie\"","service":"acquisitions-api","timestamp":"2026-03-24T14:11:49.436Z"}
{"level":"info","message":"::1 - - [24/Mar/2026:14:12:43 +0000] \"POST /api/auth/sign-uo HTTP/1.1\" 404 156 \"-\" \"HTTPie\"","service":"acquisitions-api","timestamp":"2026-03-24T14:12:43.548Z"}
{"level":"info","message":"::1 - - [24/Mar/2026:14:12:47 +0000] \"POST /api/auth/sign-up HTTP/1.1\" 200 31 \"-\" \"HTTPie\"","service":"acquisitions-api","timestamp":"2026-03-24T14:12:47.713Z"}
{"level":"error","message":"Signup error formatValidationErrors is not defined","service":"acquisitions-api","stack":"ReferenceError: formatValidationErrors is not defined\n    at signup (file:///C:/Users/91932/OneDrive/Desktop/Production-Ready%20API/aquisitions/src/controllers/auth.controller.js:11:18)\n    at Layer.handleRequest (C:\\Users\\91932\\OneDrive\\Desktop\\Production-Ready API\\aquisitions\\node_modules\\router\\lib\\layer.js:152:17)\n    at next (C:\\Users\\91932\\OneDrive\\Desktop\\Production-Ready API\\aquisitions\\node_modules\\router\\lib\\route.js:157:13)\n    at Route.dispatch (C:\\Users\\91932\\OneDrive\\Desktop\\Production-Ready API\\aquisitions\\node_modules\\router\\lib\\route.js:117:3)\n    at handle (C:\\Users\\91932\\OneDrive\\Desktop\\Production-Ready API\\aquisitions\\node_modules\\router\\index.js:435:11)\n    at Layer.handleRequest (C:\\Users\\91932\\OneDrive\\Desktop\\Production-Ready API\\aquisitions\\node_modules\\router\\lib\\layer.js:152:17)\n    at C:\\Users\\91932\\OneDrive\\Desktop\\Production-Ready API\\aquisitions\\node_modules\\router\\index.js:295:15\n    at processParams (C:\\Users\\91932\\OneDrive\\Desktop\\Production-Ready API\\aquisitions\\node_modules\\router\\index.js:582:12)\n    at next (C:\\Users\\91932\\OneDrive\\Desktop\\Production-Ready API\\aquisitions\\node_modules\\router\\index.js:291:5)\n    at router.handle (C:\\Users\\91932\\OneDrive\\Desktop\\Production-Ready API\\aquisitions\\node_modules\\router\\index.js:186:3)","timestamp":"2026-03-24T14:14:18.752Z"}
{"level":"info","message":"::1 - - [24/Mar/2026:14:14:18 +0000] \"POST /api/auth/sign-up HTTP/1.1\" 400 1543 \"-\" \"HTTPie\"","service":"acquisitions-api","timestamp":"2026-03-24T14:14:18.760Z"}
{"level":"error","message":"Signup error formatValidationErrors is not defined","service":"acquisitions-api","stack":"ReferenceError: formatValidationErrors is not defined\n    at signup (file:///C:/Users/91932/OneDrive/Desktop/Production-Ready%20API/aquisitions/src/controllers/auth.controller.js:11:18)\n    at Layer.handleRequest (C:\\Users\\91932\\OneDrive\\Desktop\\Production-Ready API\\aquisitions\\node_modules\\router\\lib\\layer.js:152:17)\n    at next (C:\\Users\\91932\\OneDrive\\Desktop\\Production-Ready API\\aquisitions\\node_modules\\router\\lib\\route.js:157:13)\n    at Route.dispatch (C:\\Users\\91932\\OneDrive\\Desktop\\Production-Ready API\\aquisitions\\node_modules\\router\\lib\\route.js:117:3)\n    at handle (C:\\Users\\91932\\OneDrive\\Desktop\\Production-Ready API\\aquisitions\\node_modules\\router\\index.js:435:11)\n    at Layer.handleRequest (C:\\Users\\91932\\OneDrive\\Desktop\\Production-Ready API\\aquisitions\\node_modules\\router\\lib\\layer.js:152:17)\n    at C:\\Users\\91932\\OneDrive\\Desktop\\Production-Ready API\\aquisitions\\node_modules\\router\\index.js:295:15\n    at processParams (C:\\Users\\91932\\OneDrive\\Desktop\\Production-Ready API\\aquisitions\\node_modules\\router\\index.js:582:12)\n    at next (C:\\Users\\91932\\OneDrive\\Desktop\\Production-Ready API\\aquisitions\\node_modules\\router\\index.js:291:5)\n    at router.handle (C:\\Users\\91932\\OneDrive\\Desktop\\Production-Ready API\\aquisitions\\node_modules\\router\\index.js:186:3)","timestamp":"2026-03-24T14:17:19.979Z"}
{"level":"info","message":"::1 - - [24/Mar/2026:14:17:19 +0000] \"POST /api/auth/sign-up HTTP/1.1\" 400 1543 \"-\" \"HTTPie\"","service":"acquisitions-api","timestamp":"2026-03-24T14:17:19.982Z"}
{"level":"info","message":"::1 - - [24/Mar/2026:14:20:51 +0000] \"POST /api/auth/sign-in HTTP/1.1\" 200 31 \"-\" \"HTTPie\"","service":"acquisitions-api","timestamp":"2026-03-24T14:20:51.435Z"}
{"level":"error","message":"Signup error formatValidationErrors is not defined","service":"acquisitions-api","stack":"ReferenceError: formatValidationErrors is not defined\n    at signup (file:///C:/Users/91932/OneDrive/Desktop/Production-Ready%20API/aquisitions/src/controllers/auth.controller.js:11:18)\n    at Layer.handleRequest (C:\\Users\\91932\\OneDrive\\Desktop\\Production-Ready API\\aquisitions\\node_modules\\router\\lib\\layer.js:152:17)\n    at next (C:\\Users\\91932\\OneDrive\\Desktop\\Production-Ready API\\aquisitions\\node_modules\\router\\lib\\route.js:157:13)\n    at Route.dispatch (C:\\Users\\91932\\OneDrive\\Desktop\\Production-Ready API\\aquisitions\\node_modules\\router\\lib\\route.js:117:3)\n    at handle (C:\\Users\\91932\\OneDrive\\Desktop\\Production-Ready API\\aquisitions\\node_modules\\router\\index.js:435:11)\n    at Layer.handleRequest (C:\\Users\\91932\\OneDrive\\Desktop\\Production-Ready API\\aquisitions\\node_modules\\router\\lib\\layer.js:152:17)\n    at C:\\Users\\91932\\OneDrive\\Desktop\\Production-Ready API\\aquisitions\\node_modules\\router\\index.js:295:15\n    at processParams (C:\\Users\\91932\\OneDrive\\Desktop\\Production-Ready API\\aquisitions\\node_modules\\router\\index.js:582:12)\n    at next (C:\\Users\\91932\\OneDrive\\Desktop\\Production-Ready API\\aquisitions\\node_modules\\router\\index.js:291:5)\n    at router.handle (C:\\Users\\91932\\OneDrive\\Desktop\\Production-Ready API\\aquisitions\\node_modules\\router\\index.js:186:3)","timestamp":"2026-03-24T14:20:58.072Z"}
{"level":"info","message":"::1 - - [24/Mar/2026:14:20:58 +0000] \"POST /api/auth/sign-up HTTP/1.1\" 400 1543 \"-\" \"HTTPie\"","service":"acquisitions-api","timestamp":"2026-03-24T14:20:58.074Z"}
{"level":"info","message":"::1 - - [24/Mar/2026:14:21:32 +0000] \"POST /api/auth/sign-up HTTP/1.1\" 400 92 \"-\" \"HTTPie\"","service":"acquisitions-api","timestamp":"2026-03-24T14:21:32.774Z"}
{"level":"info","message":"User abc@mail.com signed up successfully","service":"acquisitions-api","timestamp":"2026-03-24T14:24:49.329Z"}
{"level":"info","message":"::1 - - [24/Mar/2026:14:24:49 +0000] \"POST /api/auth/sign-up HTTP/1.1\" 201 112 \"-\" \"HTTPie\"","service":"acquisitions-api","timestamp":"2026-03-24T14:24:49.331Z"}
{"level":"info","message":"User abc@mail.com signed up successfully","service":"acquisitions-api","timestamp":"2026-03-24T14:25:15.124Z"}
{"level":"info","message":"::1 - - [24/Mar/2026:14:25:15 +0000] \"POST /api/auth/sign-up HTTP/1.1\" 201 112 \"-\" \"HTTPie\"","service":"acquisitions-api","timestamp":"2026-03-24T14:25:15.131Z"}
{"level":"info","message":"::1 - - [24/Mar/2026:15:00:41 +0000] \"POST /api/auth/sign-up HTTP/1.1\" 400 92 \"-\" \"HTTPie\"","service":"acquisitions-api","timestamp":"2026-03-24T15:00:41.902Z"}
{"level":"info","message":"User abc@mail.com created successfully","service":"acquisitions-api","timestamp":"2026-03-24T15:01:42.432Z"}
{"level":"error","message":"Signup error cookies.set is not a function","service":"acquisitions-api","stack":"TypeError: cookies.set is not a function\n    at signup (file:///C:/Users/91932/OneDrive/Desktop/Production-Ready%20API/aquisitions/src/controllers/auth.controller.js:29:13)\n    at process.processTicksAndRejections (node:internal/process/task_queues:103:5)","timestamp":"2026-03-24T15:01:42.440Z"}
{"level":"info","message":"::1 - - [24/Mar/2026:15:01:42 +0000] \"POST /api/auth/sign-up HTTP/1.1\" 500 408 \"-\" \"HTTPie\"","service":"acquisitions-api","timestamp":"2026-03-24T15:01:42.445Z"}
{"level":"error","message":"Error creating user: Error: User with this email already exists","service":"acquisitions-api","timestamp":"2026-03-24T15:09:15.892Z"}
{"level":"error","message":"Signup error User with this email already exists","service":"acquisitions-api","stack":"Error: User with this email already exists\n    at createUser (file:///C:/Users/91932/OneDrive/Desktop/Production-Ready%20API/aquisitions/src/services/auth.service.js:25:13)\n    at process.processTicksAndRejections (node:internal/process/task_queues:103:5)\n    at async signup (file:///C:/Users/91932/OneDrive/Desktop/Production-Ready%20API/aquisitions/src/controllers/auth.controller.js:21:18)","timestamp":"2026-03-24T15:09:15.900Z"}
{"level":"info","message":"::1 - - [24/Mar/2026:15:09:15 +0000] \"POST /api/auth/sign-up HTTP/1.1\" 409 32 \"-\" \"HTTPie\"","service":"acquisitions-api","timestamp":"2026-03-24T15:09:15.908Z"}
{"level":"info","message":"User abcd@mail.com created successfully","service":"acquisitions-api","timestamp":"2026-03-24T15:09:30.900Z"}
{"level":"error","message":"Signup error cookies.set is not a function","service":"acquisitions-api","stack":"TypeError: cookies.set is not a function\n    at signup (file:///C:/Users/91932/OneDrive/Desktop/Production-Ready%20API/aquisitions/src/controllers/auth.controller.js:29:13)\n    at process.processTicksAndRejections (node:internal/process/task_queues:103:5)","timestamp":"2026-03-24T15:09:30.906Z"}
{"level":"info","message":"::1 - - [24/Mar/2026:15:09:30 +0000] \"POST /api/auth/sign-up HTTP/1.1\" 500 408 \"-\" \"HTTPie\"","service":"acquisitions-api","timestamp":"2026-03-24T15:09:30.908Z"}
{"level":"info","message":"User abcde@mail.com created successfully","service":"acquisitions-api","timestamp":"2026-03-24T15:09:51.539Z"}
{"level":"error","message":"Signup error cookies.set is not a function","service":"acquisitions-api","stack":"TypeError: cookies.set is not a function\n    at signup (file:///C:/Users/91932/OneDrive/Desktop/Production-Ready%20API/aquisitions/src/controllers/auth.controller.js:29:13)\n    at process.processTicksAndRejections (node:internal/process/task_queues:103:5)","timestamp":"2026-03-24T15:09:51.541Z"}
{"level":"info","message":"::1 - - [24/Mar/2026:15:09:51 +0000] \"POST /api/auth/sign-up HTTP/1.1\" 500 408 \"-\" \"HTTPie\"","service":"acquisitions-api","timestamp":"2026-03-24T15:09:51.543Z"}
{"level":"error","message":"Error creating user: Error: User with this email already exists","service":"acquisitions-api","timestamp":"2026-03-24T15:10:17.614Z"}
{"level":"error","message":"Signup error User with this email already exists","service":"acquisitions-api","stack":"Error: User with this email already exists\n    at createUser (file:///C:/Users/91932/OneDrive/Desktop/Production-Ready%20API/aquisitions/src/services/auth.service.js:25:13)\n    at process.processTicksAndRejections (node:internal/process/task_queues:103:5)\n    at async signup (file:///C:/Users/91932/OneDrive/Desktop/Production-Ready%20API/aquisitions/src/controllers/auth.controller.js:21:18)","timestamp":"2026-03-24T15:10:17.615Z"}
{"level":"info","message":"::1 - - [24/Mar/2026:15:10:17 +0000] \"POST /api/auth/sign-up HTTP/1.1\" 409 32 \"-\" \"HTTPie\"","service":"acquisitions-api","timestamp":"2026-03-24T15:10:17.617Z"}
{"level":"info","message":"User 1223e@mail.com created successfully","service":"acquisitions-api","timestamp":"2026-03-24T15:10:34.577Z"}
{"level":"error","message":"Signup error cookies.set is not a function","service":"acquisitions-api","stack":"TypeError: cookies.set is not a function\n    at signup (file:///C:/Users/91932/OneDrive/Desktop/Production-Ready%20API/aquisitions/src/controllers/auth.controller.js:29:13)\n    at process.processTicksAndRejections (node:internal/process/task_queues:103:5)","timestamp":"2026-03-24T15:10:34.579Z"}
{"level":"info","message":"::1 - - [24/Mar/2026:15:10:34 +0000] \"POST /api/auth/sign-up HTTP/1.1\" 500 408 \"-\" \"HTTPie\"","service":"acquisitions-api","timestamp":"2026-03-24T15:10:34.587Z"}
{"level":"error","message":"Error creating user: Error: User with this email already exists","service":"acquisitions-api","timestamp":"2026-03-24T15:16:44.902Z"}
{"level":"error","message":"Signup error User with this email already exists","service":"acquisitions-api","stack":"Error: User with this email already exists\n    at createUser (file:///C:/Users/91932/OneDrive/Desktop/Production-Ready%20API/aquisitions/src/services/auth.service.js:25:13)\n    at process.processTicksAndRejections (node:internal/process/task_queues:103:5)\n    at async signup (file:///C:/Users/91932/OneDrive/Desktop/Production-Ready%20API/aquisitions/src/controllers/auth.controller.js:21:18)","timestamp":"2026-03-24T15:16:44.907Z"}
{"level":"info","message":"::1 - - [24/Mar/2026:15:16:44 +0000] \"POST /api/auth/sign-up HTTP/1.1\" 409 32 \"-\" \"HTTPie\"","service":"acquisitions-api","timestamp":"2026-03-24T15:16:44.912Z"}
{"level":"error","message":"Error creating user: Error: Failed query: select \"id\", \"name\", \"email\", \"password\", \"role\", \"created_at\", \"updated_at\" from \"users\" where \"users\".\"email\" = $1 limit $2\nparams: 1223e@mail.com,1","service":"acquisitions-api","timestamp":"2026-03-24T17:50:58.185Z"}
{"cause":{"name":"NeonDbError","sourceError":{}},"level":"error","message":"Signup error Failed query: select \"id\", \"name\", \"email\", \"password\", \"role\", \"created_at\", \"updated_at\" from \"users\" where \"users\".\"email\" = $1 limit $2\nparams: 1223e@mail.com,1","params":["1223e@mail.com",1],"query":"select \"id\", \"name\", \"email\", \"password\", \"role\", \"created_at\", \"updated_at\" from \"users\" where \"users\".\"email\" = $1 limit $2","service":"acquisitions-api","stack":"Error: Failed query: select \"id\", \"name\", \"email\", \"password\", \"role\", \"created_at\", \"updated_at\" from \"users\" where \"users\".\"email\" = $1 limit $2\nparams: 1223e@mail.com,1\n    at NeonHttpPreparedQuery.queryWithCache (file:///C:/Users/91932/OneDrive/Desktop/Production-Ready%20API/aquisitions/node_modules/drizzle-orm/pg-core/session.js:41:15)\n    at process.processTicksAndRejections (node:internal/process/task_queues:103:5)\n    at async NeonHttpPreparedQuery.execute (file:///C:/Users/91932/OneDrive/Desktop/Production-Ready%20API/aquisitions/node_modules/drizzle-orm/neon-http/session.js:45:20)\n    at async createUser (file:///C:/Users/91932/OneDrive/Desktop/Production-Ready%20API/aquisitions/src/services/auth.service.js:18:26)\n    at async signup (file:///C:/Users/91932/OneDrive/Desktop/Production-Ready%20API/aquisitions/src/controllers/auth.controller.js:21:18)","timestamp":"2026-03-24T17:50:58.197Z"}
{"level":"info","message":"::1 - - [24/Mar/2026:17:50:58 +0000] \"POST /api/auth/sign-up HTTP/1.1\" 500 1166 \"-\" \"HTTPie\"","service":"acquisitions-api","timestamp":"2026-03-24T17:50:58.206Z"}
{"level":"info","message":"::1 - - [24/Mar/2026:17:51:36 +0000] \"POST /api/auth/sign-up HTTP/1.1\" 400 196 \"-\" \"HTTPie\"","service":"acquisitions-api","timestamp":"2026-03-24T17:51:36.454Z"}
{"level":"info","message":"::1 - - [24/Mar/2026:17:53:13 +0000] \"POST /api/auth/sign-up HTTP/1.1\" 400 91 \"-\" \"HTTPie\"","service":"acquisitions-api","timestamp":"2026-03-24T17:53:13.613Z"}
{"level":"info","message":"User abcs@mail.com created successfully","service":"acquisitions-api","timestamp":"2026-03-24T17:53:27.224Z"}
{"level":"error","message":"Signup error cookies.set is not a function","service":"acquisitions-api","stack":"TypeError: cookies.set is not a function\n    at signup (file:///C:/Users/91932/OneDrive/Desktop/Production-Ready%20API/aquisitions/src/controllers/auth.controller.js:29:13)\n    at process.processTicksAndRejections (node:internal/process/task_queues:103:5)","timestamp":"2026-03-24T17:53:27.236Z"}
{"level":"info","message":"::1 - - [24/Mar/2026:17:53:27 +0000] \"POST /api/auth/sign-up HTTP/1.1\" 500 408 \"-\" \"HTTPie\"","service":"acquisitions-api","timestamp":"2026-03-24T17:53:27.240Z"}
{"level":"error","message":"Error creating user: Error: User with this email already exists","service":"acquisitions-api","timestamp":"2026-03-24T17:57:38.167Z"}
{"level":"error","message":"Signup error User with this email already exists","service":"acquisitions-api","stack":"Error: User with this email already exists\n    at createUser (file:///C:/Users/91932/OneDrive/Desktop/Production-Ready%20API/aquisitions/src/services/auth.service.js:25:13)\n    at process.processTicksAndRejections (node:internal/process/task_queues:103:5)\n    at async signup (file:///C:/Users/91932/OneDrive/Desktop/Production-Ready%20API/aquisitions/src/controllers/auth.controller.js:21:18)","timestamp":"2026-03-24T17:57:38.177Z"}
{"level":"info","message":"::1 - - [24/Mar/2026:17:57:38 +0000] \"POST /api/auth/sign-up HTTP/1.1\" 409 32 \"-\" \"HTTPie\"","service":"acquisitions-api","timestamp":"2026-03-24T17:57:38.190Z"}
{"level":"info","message":"User pradn@mail.com created successfully","service":"acquisitions-api","timestamp":"2026-03-24T17:57:56.374Z"}
{"level":"error","message":"Signup error cookies.set is not a function","service":"acquisitions-api","stack":"TypeError: cookies.set is not a function\n    at signup (file:///C:/Users/91932/OneDrive/Desktop/Production-Ready%20API/aquisitions/src/controllers/auth.controller.js:29:13)\n    at process.processTicksAndRejections (node:internal/process/task_queues:103:5)","timestamp":"2026-03-24T17:57:56.383Z"}
{"level":"info","message":"::1 - - [24/Mar/2026:17:57:56 +0000] \"POST /api/auth/sign-up HTTP/1.1\" 500 408 \"-\" \"HTTPie\"","service":"acquisitions-api","timestamp":"2026-03-24T17:57:56.389Z"}
{"level":"error","message":"Error creating user: Error: User with this email already exists","service":"acquisitions-api","timestamp":"2026-03-24T18:06:36.837Z"}
{"level":"error","message":"Signup error User with this email already exists","service":"acquisitions-api","stack":"Error: User with this email already exists\n    at createUser (file:///C:/Users/91932/OneDrive/Desktop/Production-Ready%20API/aquisitions/src/services/auth.service.js:25:13)\n    at process.processTicksAndRejections (node:internal/process/task_queues:103:5)\n    at async signup (file:///C:/Users/91932/OneDrive/Desktop/Production-Ready%20API/aquisitions/src/controllers/auth.controller.js:21:18)","timestamp":"2026-03-24T18:06:36.848Z"}
{"level":"info","message":"::1 - - [24/Mar/2026:18:06:36 +0000] \"POST /api/auth/sign-up HTTP/1.1\" 409 32 \"-\" \"HTTPie\"","service":"acquisitions-api","timestamp":"2026-03-24T18:06:36.861Z"}
{"level":"error","message":"Error creating the user: Error: User with this email already exists","service":"acquisitions-api","timestamp":"2026-03-24T18:14:40.425Z"}
{"level":"error","message":"Signup error User with this email already exists","service":"acquisitions-api","stack":"Error: User with this email already exists\n    at createUser (file:///C:/Users/91932/OneDrive/Desktop/Production-Ready%20API/aquisitions/src/services/auth.service.js:34:13)\n    at process.processTicksAndRejections (node:internal/process/task_queues:103:5)\n    at async signup (file:///C:/Users/91932/OneDrive/Desktop/Production-Ready%20API/aquisitions/src/controllers/auth.controller.js:21:18)","timestamp":"2026-03-24T18:14:40.459Z"}
{"level":"info","message":"::1 - - [24/Mar/2026:18:14:40 +0000] \"POST /api/auth/sign-up HTTP/1.1\" 409 31 \"-\" \"HTTPie\"","service":"acquisitions-api","timestamp":"2026-03-24T18:14:40.473Z"}
{"level":"info","message":"::1 - - [24/Mar/2026:18:15:08 +0000] \"POST /api/auth/sign-in HTTP/1.1\" 200 31 \"-\" \"HTTPie\"","service":"acquisitions-api","timestamp":"2026-03-24T18:15:08.701Z"}
{"level":"error","message":"Error creating the user: Error: User with this email already exists","service":"acquisitions-api","timestamp":"2026-03-24T18:16:51.263Z"}
{"level":"error","message":"Signup error User with this email already exists","service":"acquisitions-api","stack":"Error: User with this email already exists\n    at createUser (file:///C:/Users/91932/OneDrive/Desktop/Production-Ready%20API/aquisitions/src/services/auth.service.js:34:13)\n    at process.processTicksAndRejections (node:internal/process/task_queues:103:5)\n    at async signup (file:///C:/Users/91932/OneDrive/Desktop/Production-Ready%20API/aquisitions/src/controllers/auth.controller.js:21:18)","timestamp":"2026-03-24T18:16:51.265Z"}
{"level":"info","message":"::1 - - [24/Mar/2026:18:16:51 +0000] \"POST /api/auth/sign-up HTTP/1.1\" 409 31 \"-\" \"HTTPie\"","service":"acquisitions-api","timestamp":"2026-03-24T18:16:51.268Z"}
{"level":"info","message":"::1 - - [24/Mar/2026:18:16:58 +0000] \"POST /api/auth/sign-up HTTP/1.1\" 400 92 \"-\" \"HTTPie\"","service":"acquisitions-api","timestamp":"2026-03-24T18:16:58.174Z"}
{"level":"info","message":"User adriea@lin.com created successfully","service":"acquisitions-api","timestamp":"2026-03-24T18:18:24.658Z"}
{"level":"info","message":"User registered successfully: adriea@lin.com","service":"acquisitions-api","timestamp":"2026-03-24T18:18:24.673Z"}
{"level":"info","message":"::1 - - [24/Mar/2026:18:18:24 +0000] \"POST /api/auth/sign-up HTTP/1.1\" 201 100 \"-\" \"HTTPie\"","service":"acquisitions-api","timestamp":"2026-03-24T18:18:24.676Z"}
{"level":"info","message":"::1 - - [12/Apr/2026:08:46:37 +0000] \"POST /api/auth/sign-in HTTP/1.1\" 200 31 \"-\" \"HTTPie\"","service":"acquisitions-api","timestamp":"2026-04-12T08:46:37.477Z"}
{"level":"info","message":"User adriea@lin.com authenticated successfully","service":"acquisitions-api","timestamp":"2026-04-12T08:54:33.247Z"}
{"level":"info","message":"User signed in successfully: adriea@lin.com","service":"acquisitions-api","timestamp":"2026-04-12T08:54:33.269Z"}
{"level":"info","message":"::1 - - [12/Apr/2026:08:54:33 +0000] \"POST /api/auth/sign-in HTTP/1.1\" 200 112 \"-\" \"HTTPie\"","service":"acquisitions-api","timestamp":"2026-04-12T08:54:33.281Z"}
{"level":"info","message":"User signed out successfully","service":"acquisitions-api","timestamp":"2026-04-12T08:55:18.756Z"}
{"level":"info","message":"::1 - - [12/Apr/2026:08:55:18 +0000] \"POST /api/auth/sign-out HTTP/1.1\" 200 42 \"-\" \"HTTPie\"","service":"acquisitions-api","timestamp":"2026-04-12T08:55:18.759Z"}
{"level":"info","message":"::1 - - [12/Apr/2026:09:33:30 +0000] \"GET /health HTTP/1.1\" 200 74 \"-\" \"HTTPie\"","service":"acquisitions-api","timestamp":"2026-04-12T09:33:30.535Z"}
{"level":"info","message":"::1 - - [12/Apr/2026:09:33:43 +0000] \"GET /health HTTP/1.1\" 200 74 \"-\" \"HTTPie\"","service":"acquisitions-api","timestamp":"2026-04-12T09:33:43.322Z"}
{"level":"info","message":"::1 - - [12/Apr/2026:09:33:44 +0000] \"GET /health HTTP/1.1\" 200 74 \"-\" \"HTTPie\"","service":"acquisitions-api","timestamp":"2026-04-12T09:33:44.309Z"}
{"level":"info","message":"::1 - - [12/Apr/2026:09:33:45 +0000] \"GET /health HTTP/1.1\" 200 74 \"-\" \"HTTPie\"","service":"acquisitions-api","timestamp":"2026-04-12T09:33:45.231Z"}
{"level":"info","message":"::1 - - [12/Apr/2026:09:33:46 +0000] \"GET /health HTTP/1.1\" 200 74 \"-\" \"HTTPie\"","service":"acquisitions-api","timestamp":"2026-04-12T09:33:46.181Z"}
{"level":"info","message":"::1 - - [12/Apr/2026:09:33:47 +0000] \"GET /health HTTP/1.1\" 200 74 \"-\" \"HTTPie\"","service":"acquisitions-api","timestamp":"2026-04-12T09:33:47.074Z"}
{"level":"info","message":"::1 - - [12/Apr/2026:09:33:47 +0000] \"GET /health HTTP/1.1\" 200 73 \"-\" \"HTTPie\"","service":"acquisitions-api","timestamp":"2026-04-12T09:33:47.906Z"}
{"level":"info","message":"::1 - - [12/Apr/2026:09:33:48 +0000] \"GET /health HTTP/1.1\" 200 73 \"-\" \"HTTPie\"","service":"acquisitions-api","timestamp":"2026-04-12T09:33:48.814Z"}
{"level":"info","message":"::1 - - [12/Apr/2026:09:33:49 +0000] \"GET /health HTTP/1.1\" 200 74 \"-\" \"HTTPie\"","service":"acquisitions-api","timestamp":"2026-04-12T09:33:49.668Z"}
{"level":"info","message":"::1 - - [12/Apr/2026:09:33:50 +0000] \"GET /health HTTP/1.1\" 200 74 \"-\" \"HTTPie\"","service":"acquisitions-api","timestamp":"2026-04-12T09:33:50.043Z"}
{"level":"info","message":"::1 - - [12/Apr/2026:09:33:50 +0000] \"GET /health HTTP/1.1\" 200 74 \"-\" \"HTTPie\"","service":"acquisitions-api","timestamp":"2026-04-12T09:33:50.365Z"}
{"level":"info","message":"::1 - - [12/Apr/2026:09:33:50 +0000] \"GET /health HTTP/1.1\" 200 74 \"-\" \"HTTPie\"","service":"acquisitions-api","timestamp":"2026-04-12T09:33:50.581Z"}
{"level":"info","message":"::1 - - [12/Apr/2026:09:33:50 +0000] \"GET /health HTTP/1.1\" 200 74 \"-\" \"HTTPie\"","service":"acquisitions-api","timestamp":"2026-04-12T09:33:50.962Z"}
{"level":"info","message":"::1 - - [12/Apr/2026:09:33:51 +0000] \"GET /health HTTP/1.1\" 200 74 \"-\" \"HTTPie\"","service":"acquisitions-api","timestamp":"2026-04-12T09:33:51.371Z"}
{"level":"info","message":"::1 - - [12/Apr/2026:09:33:51 +0000] \"GET /health HTTP/1.1\" 200 74 \"-\" \"HTTPie\"","service":"acquisitions-api","timestamp":"2026-04-12T09:33:51.685Z"}
{"level":"info","message":"::1 - - [12/Apr/2026:09:33:52 +0000] \"GET /health HTTP/1.1\" 200 74 \"-\" \"HTTPie\"","service":"acquisitions-api","timestamp":"2026-04-12T09:33:52.088Z"}
{"level":"info","message":"::1 - - [12/Apr/2026:09:33:52 +0000] \"GET /health HTTP/1.1\" 200 74 \"-\" \"HTTPie\"","service":"acquisitions-api","timestamp":"2026-04-12T09:33:52.499Z"}
{"level":"info","message":"::1 - - [12/Apr/2026:09:33:52 +0000] \"GET /health HTTP/1.1\" 200 73 \"-\" \"HTTPie\"","service":"acquisitions-api","timestamp":"2026-04-12T09:33:52.805Z"}
{"level":"info","message":"::1 - - [12/Apr/2026:09:33:53 +0000] \"GET /health HTTP/1.1\" 200 74 \"-\" \"HTTPie\"","service":"acquisitions-api","timestamp":"2026-04-12T09:33:53.114Z"}
{"level":"info","message":"::1 - - [12/Apr/2026:09:33:53 +0000] \"GET /health HTTP/1.1\" 200 74 \"-\" \"HTTPie\"","service":"acquisitions-api","timestamp":"2026-04-12T09:33:53.419Z"}
{"level":"info","message":"::1 - - [12/Apr/2026:09:33:53 +0000] \"GET /health HTTP/1.1\" 200 74 \"-\" \"HTTPie\"","service":"acquisitions-api","timestamp":"2026-04-12T09:33:53.830Z"}
{"level":"info","message":"::1 - - [12/Apr/2026:09:33:54 +0000] \"GET /health HTTP/1.1\" 200 74 \"-\" \"HTTPie\"","service":"acquisitions-api","timestamp":"2026-04-12T09:33:54.135Z"}
{"level":"info","message":"::1 - - [12/Apr/2026:09:33:54 +0000] \"GET /health HTTP/1.1\" 200 74 \"-\" \"HTTPie\"","service":"acquisitions-api","timestamp":"2026-04-12T09:33:54.442Z"}
{"level":"info","message":"::1 - - [12/Apr/2026:09:33:54 +0000] \"GET /health HTTP/1.1\" 200 74 \"-\" \"HTTPie\"","service":"acquisitions-api","timestamp":"2026-04-12T09:33:54.750Z"}
{"level":"info","message":"::1 - - [12/Apr/2026:09:33:55 +0000] \"GET /health HTTP/1.1\" 200 73 \"-\" \"HTTPie\"","service":"acquisitions-api","timestamp":"2026-04-12T09:33:55.263Z"}
{"level":"info","message":"::1 - - [12/Apr/2026:09:33:55 +0000] \"GET /health HTTP/1.1\" 200 74 \"-\" \"HTTPie\"","service":"acquisitions-api","timestamp":"2026-04-12T09:33:55.570Z"}
{"level":"info","message":"::1 - - [12/Apr/2026:09:33:55 +0000] \"GET /health HTTP/1.1\" 200 74 \"-\" \"HTTPie\"","service":"acquisitions-api","timestamp":"2026-04-12T09:33:55.876Z"}
{"level":"info","message":"::1 - - [12/Apr/2026:09:33:56 +0000] \"GET /health HTTP/1.1\" 200 74 \"-\" \"HTTPie\"","service":"acquisitions-api","timestamp":"2026-04-12T09:33:56.286Z"}
{"level":"info","message":"::1 - - [12/Apr/2026:09:33:56 +0000] \"GET /health HTTP/1.1\" 200 74 \"-\" \"HTTPie\"","service":"acquisitions-api","timestamp":"2026-04-12T09:33:56.626Z"}
{"level":"info","message":"::1 - - [12/Apr/2026:09:33:56 +0000] \"GET /health HTTP/1.1\" 200 74 \"-\" \"HTTPie\"","service":"acquisitions-api","timestamp":"2026-04-12T09:33:56.900Z"}
{"level":"info","message":"::1 - - [12/Apr/2026:09:33:57 +0000] \"GET /health HTTP/1.1\" 200 74 \"-\" \"HTTPie\"","service":"acquisitions-api","timestamp":"2026-04-12T09:33:57.313Z"}
{"level":"info","message":"::1 - - [12/Apr/2026:09:33:57 +0000] \"GET /health HTTP/1.1\" 200 74 \"-\" \"HTTPie\"","service":"acquisitions-api","timestamp":"2026-04-12T09:33:57.616Z"}
{"level":"info","message":"::1 - - [12/Apr/2026:09:33:58 +0000] \"GET /health HTTP/1.1\" 200 74 \"-\" \"HTTPie\"","service":"acquisitions-api","timestamp":"2026-04-12T09:33:58.028Z"}
{"level":"info","message":"::1 - - [12/Apr/2026:09:33:58 +0000] \"GET /health HTTP/1.1\" 200 74 \"-\" \"HTTPie\"","service":"acquisitions-api","timestamp":"2026-04-12T09:33:58.346Z"}
{"level":"info","message":"::1 - - [12/Apr/2026:09:33:58 +0000] \"GET /health HTTP/1.1\" 200 74 \"-\" \"HTTPie\"","service":"acquisitions-api","timestamp":"2026-04-12T09:33:58.744Z"}
{"level":"info","message":"::1 - - [12/Apr/2026:09:33:59 +0000] \"GET /health HTTP/1.1\" 200 74 \"-\" \"HTTPie\"","service":"acquisitions-api","timestamp":"2026-04-12T09:33:59.050Z"}
{"level":"info","message":"::1 - - [12/Apr/2026:09:33:59 +0000] \"GET /health HTTP/1.1\" 200 74 \"-\" \"HTTPie\"","service":"acquisitions-api","timestamp":"2026-04-12T09:33:59.359Z"}
{"level":"info","message":"::1 - - [12/Apr/2026:09:33:59 +0000] \"GET /health HTTP/1.1\" 200 74 \"-\" \"HTTPie\"","service":"acquisitions-api","timestamp":"2026-04-12T09:33:59.672Z"}
{"level":"info","message":"::1 - - [12/Apr/2026:09:33:59 +0000] \"GET /health HTTP/1.1\" 200 74 \"-\" \"HTTPie\"","service":"acquisitions-api","timestamp":"2026-04-12T09:33:59.971Z"}
{"level":"info","message":"::1 - - [12/Apr/2026:09:34:00 +0000] \"GET /health HTTP/1.1\" 200 74 \"-\" \"HTTPie\"","service":"acquisitions-api","timestamp":"2026-04-12T09:34:00.279Z"}
{"level":"info","message":"::1 - - [12/Apr/2026:09:34:00 +0000] \"GET /health HTTP/1.1\" 200 73 \"-\" \"HTTPie\"","service":"acquisitions-api","timestamp":"2026-04-12T09:34:00.690Z"}
{"level":"info","message":"::1 - - [12/Apr/2026:09:34:01 +0000] \"GET /health HTTP/1.1\" 200 74 \"-\" \"HTTPie\"","service":"acquisitions-api","timestamp":"2026-04-12T09:34:01.099Z"}
{"level":"info","message":"::1 - - [12/Apr/2026:09:34:01 +0000] \"GET /health HTTP/1.1\" 200 74 \"-\" \"HTTPie\"","service":"acquisitions-api","timestamp":"2026-04-12T09:34:01.407Z"}
{"level":"info","message":"::1 - - [12/Apr/2026:09:34:01 +0000] \"GET /health HTTP/1.1\" 200 74 \"-\" \"HTTPie\"","service":"acquisitions-api","timestamp":"2026-04-12T09:34:01.712Z"}
{"level":"info","message":"::1 - - [12/Apr/2026:09:34:02 +0000] \"GET /health HTTP/1.1\" 200 74 \"-\" \"HTTPie\"","service":"acquisitions-api","timestamp":"2026-04-12T09:34:02.022Z"}
{"level":"info","message":"::1 - - [12/Apr/2026:09:34:02 +0000] \"GET /health HTTP/1.1\" 200 74 \"-\" \"HTTPie\"","service":"acquisitions-api","timestamp":"2026-04-12T09:34:02.430Z"}
{"level":"info","message":"::1 - - [12/Apr/2026:09:34:02 +0000] \"GET /health HTTP/1.1\" 200 74 \"-\" \"HTTPie\"","service":"acquisitions-api","timestamp":"2026-04-12T09:34:02.735Z"}
{"level":"info","message":"::1 - - [12/Apr/2026:09:34:03 +0000] \"GET /health HTTP/1.1\" 200 74 \"-\" \"HTTPie\"","service":"acquisitions-api","timestamp":"2026-04-12T09:34:03.043Z"}
{"level":"info","message":"::1 - - [12/Apr/2026:09:34:03 +0000] \"GET /health HTTP/1.1\" 200 74 \"-\" \"HTTPie\"","service":"acquisitions-api","timestamp":"2026-04-12T09:34:03.354Z"}
{"level":"info","message":"::1 - - [12/Apr/2026:09:34:03 +0000] \"GET /health HTTP/1.1\" 200 74 \"-\" \"HTTPie\"","service":"acquisitions-api","timestamp":"2026-04-12T09:34:03.660Z"}
{"level":"info","message":"::1 - - [12/Apr/2026:09:34:03 +0000] \"GET /health HTTP/1.1\" 200 74 \"-\" \"HTTPie\"","service":"acquisitions-api","timestamp":"2026-04-12T09:34:03.965Z"}
{"level":"info","message":"::1 - - [12/Apr/2026:09:34:04 +0000] \"GET /health HTTP/1.1\" 200 74 \"-\" \"HTTPie\"","service":"acquisitions-api","timestamp":"2026-04-12T09:34:04.274Z"}
{"level":"info","message":"::1 - - [12/Apr/2026:09:34:04 +0000] \"GET /health HTTP/1.1\" 200 73 \"-\" \"HTTPie\"","service":"acquisitions-api","timestamp":"2026-04-12T09:34:04.593Z"}
{"level":"info","message":"::1 - - [12/Apr/2026:09:34:04 +0000] \"GET /health HTTP/1.1\" 200 74 \"-\" \"HTTPie\"","service":"acquisitions-api","timestamp":"2026-04-12T09:34:04.990Z"}
{"level":"info","message":"::1 - - [12/Apr/2026:09:34:05 +0000] \"GET /health HTTP/1.1\" 200 74 \"-\" \"HTTPie\"","service":"acquisitions-api","timestamp":"2026-04-12T09:34:05.400Z"}
{"level":"info","message":"::1 - - [12/Apr/2026:09:34:05 +0000] \"GET /health HTTP/1.1\" 200 74 \"-\" \"HTTPie\"","service":"acquisitions-api","timestamp":"2026-04-12T09:34:05.810Z"}
{"level":"info","message":"::1 - - [12/Apr/2026:09:34:06 +0000] \"GET /health HTTP/1.1\" 200 74 \"-\" \"HTTPie\"","service":"acquisitions-api","timestamp":"2026-04-12T09:34:06.222Z"}
{"level":"info","message":"::1 - - [12/Apr/2026:09:34:06 +0000] \"GET /health HTTP/1.1\" 200 74 \"-\" \"HTTPie\"","service":"acquisitions-api","timestamp":"2026-04-12T09:34:06.629Z"}
{"level":"info","message":"::1 - - [12/Apr/2026:09:34:07 +0000] \"GET /health HTTP/1.1\" 200 74 \"-\" \"HTTPie\"","service":"acquisitions-api","timestamp":"2026-04-12T09:34:07.040Z"}
{"level":"info","message":"::1 - - [12/Apr/2026:09:34:07 +0000] \"GET /health HTTP/1.1\" 200 74 \"-\" \"HTTPie\"","service":"acquisitions-api","timestamp":"2026-04-12T09:34:07.551Z"}
{"level":"info","message":"::1 - - [12/Apr/2026:09:34:07 +0000] \"GET /health HTTP/1.1\" 200 74 \"-\" \"HTTPie\"","service":"acquisitions-api","timestamp":"2026-04-12T09:34:07.858Z"}
{"level":"info","message":"::1 - - [12/Apr/2026:09:34:08 +0000] \"GET /health HTTP/1.1\" 200 74 \"-\" \"HTTPie\"","service":"acquisitions-api","timestamp":"2026-04-12T09:34:08.165Z"}
{"level":"info","message":"::1 - - [12/Apr/2026:09:34:08 +0000] \"GET /health HTTP/1.1\" 200 73 \"-\" \"HTTPie\"","service":"acquisitions-api","timestamp":"2026-04-12T09:34:08.423Z"}
{"level":"info","message":"::1 - - [12/Apr/2026:09:34:08 +0000] \"GET /health HTTP/1.1\" 200 74 \"-\" \"HTTPie\"","service":"acquisitions-api","timestamp":"2026-04-12T09:34:08.695Z"}
{"level":"info","message":"::1 - - [12/Apr/2026:09:34:09 +0000] \"GET /health HTTP/1.1\" 200 74 \"-\" \"HTTPie\"","service":"acquisitions-api","timestamp":"2026-04-12T09:34:09.087Z"}
{"level":"info","message":"::1 - - [12/Apr/2026:09:34:09 +0000] \"GET /health HTTP/1.1\" 200 74 \"-\" \"HTTPie\"","service":"acquisitions-api","timestamp":"2026-04-12T09:34:09.393Z"}
{"level":"info","message":"::1 - - [12/Apr/2026:09:34:09 +0000] \"GET /health HTTP/1.1\" 200 74 \"-\" \"HTTPie\"","service":"acquisitions-api","timestamp":"2026-04-12T09:34:09.700Z"}
{"level":"info","message":"::1 - - [12/Apr/2026:09:34:10 +0000] \"GET /health HTTP/1.1\" 200 74 \"-\" \"HTTPie\"","service":"acquisitions-api","timestamp":"2026-04-12T09:34:10.111Z"}
{"level":"info","message":"::1 - - [12/Apr/2026:09:34:10 +0000] \"GET /health HTTP/1.1\" 200 74 \"-\" \"HTTPie\"","service":"acquisitions-api","timestamp":"2026-04-12T09:34:10.518Z"}
{"level":"info","message":"::1 - - [12/Apr/2026:09:34:10 +0000] \"GET /health HTTP/1.1\" 200 74 \"-\" \"HTTPie\"","service":"acquisitions-api","timestamp":"2026-04-12T09:34:10.821Z"}
{"level":"info","message":"::1 - - [12/Apr/2026:09:34:11 +0000] \"GET /health HTTP/1.1\" 200 73 \"-\" \"HTTPie\"","service":"acquisitions-api","timestamp":"2026-04-12T09:34:11.131Z"}
{"level":"info","message":"::1 - - [12/Apr/2026:09:34:11 +0000] \"GET /health HTTP/1.1\" 200 74 \"-\" \"HTTPie\"","service":"acquisitions-api","timestamp":"2026-04-12T09:34:11.438Z"}
{"level":"info","message":"::1 - - [12/Apr/2026:09:34:11 +0000] \"GET /health HTTP/1.1\" 200 74 \"-\" \"HTTPie\"","service":"acquisitions-api","timestamp":"2026-04-12T09:34:11.846Z"}
{"level":"info","message":"::1 - - [12/Apr/2026:09:34:12 +0000] \"GET /health HTTP/1.1\" 200 73 \"-\" \"HTTPie\"","service":"acquisitions-api","timestamp":"2026-04-12T09:34:12.258Z"}
{"level":"info","message":"::1 - - [12/Apr/2026:09:34:12 +0000] \"GET /health HTTP/1.1\" 200 74 \"-\" \"HTTPie\"","service":"acquisitions-api","timestamp":"2026-04-12T09:34:12.579Z"}
{"level":"info","message":"::1 - - [12/Apr/2026:09:34:12 +0000] \"GET /health HTTP/1.1\" 200 74 \"-\" \"HTTPie\"","service":"acquisitions-api","timestamp":"2026-04-12T09:34:12.870Z"}
{"level":"info","message":"::1 - - [12/Apr/2026:09:34:13 +0000] \"GET /health HTTP/1.1\" 200 74 \"-\" \"HTTPie\"","service":"acquisitions-api","timestamp":"2026-04-12T09:34:13.179Z"}
{"level":"info","message":"::1 - - [12/Apr/2026:09:34:13 +0000] \"GET /health HTTP/1.1\" 200 74 \"-\" \"HTTPie\"","service":"acquisitions-api","timestamp":"2026-04-12T09:34:13.469Z"}
{"level":"info","message":"::1 - - [12/Apr/2026:09:34:31 +0000] \"GET /health HTTP/1.1\" 200 74 \"-\" \"HTTPie\"","service":"acquisitions-api","timestamp":"2026-04-12T09:34:31.303Z"}
{"level":"info","message":"::1 - - [12/Apr/2026:09:40:02 +0000] \"GET /health HTTP/1.1\" 200 73 \"-\" \"HTTPie\"","service":"acquisitions-api","timestamp":"2026-04-12T09:40:02.401Z"}
{"level":"info","message":"::1 - - [12/Apr/2026:09:40:03 +0000] \"GET /health HTTP/1.1\" 200 74 \"-\" \"HTTPie\"","service":"acquisitions-api","timestamp":"2026-04-12T09:40:03.231Z"}
{"level":"info","message":"::1 - - [12/Apr/2026:09:40:03 +0000] \"GET /health HTTP/1.1\" 200 74 \"-\" \"HTTPie\"","service":"acquisitions-api","timestamp":"2026-04-12T09:40:03.904Z"}
{"level":"info","message":"::1 - - [12/Apr/2026:09:40:04 +0000] \"GET /health HTTP/1.1\" 200 74 \"-\" \"HTTPie\"","service":"acquisitions-api","timestamp":"2026-04-12T09:40:04.504Z"}
{"level":"info","message":"::1 - - [12/Apr/2026:09:40:05 +0000] \"GET /health HTTP/1.1\" 200 74 \"-\" \"HTTPie\"","service":"acquisitions-api","timestamp":"2026-04-12T09:40:05.123Z"}
{"level":"info","message":"::1 - - [12/Apr/2026:09:40:05 +0000] \"GET /health HTTP/1.1\" 200 74 \"-\" \"HTTPie\"","service":"acquisitions-api","timestamp":"2026-04-12T09:40:05.324Z"}
{"level":"info","message":"::1 - - [12/Apr/2026:09:40:05 +0000] \"GET /health HTTP/1.1\" 200 73 \"-\" \"HTTPie\"","service":"acquisitions-api","timestamp":"2026-04-12T09:40:05.507Z"}
{"level":"info","message":"::1 - - [12/Apr/2026:09:40:05 +0000] \"GET /health HTTP/1.1\" 200 74 \"-\" \"HTTPie\"","service":"acquisitions-api","timestamp":"2026-04-12T09:40:05.699Z"}
{"level":"info","message":"::1 - - [12/Apr/2026:09:40:05 +0000] \"GET /health HTTP/1.1\" 200 74 \"-\" \"HTTPie\"","service":"acquisitions-api","timestamp":"2026-04-12T09:40:05.878Z"}
{"level":"info","message":"::1 - - [12/Apr/2026:09:40:06 +0000] \"GET /health HTTP/1.1\" 200 74 \"-\" \"HTTPie\"","service":"acquisitions-api","timestamp":"2026-04-12T09:40:06.075Z"}
{"level":"info","message":"::1 - - [12/Apr/2026:09:40:06 +0000] \"GET /health HTTP/1.1\" 200 74 \"-\" \"HTTPie\"","service":"acquisitions-api","timestamp":"2026-04-12T09:40:06.245Z"}
{"level":"info","message":"::1 - - [12/Apr/2026:09:40:06 +0000] \"GET /health HTTP/1.1\" 200 74 \"-\" \"HTTPie\"","service":"acquisitions-api","timestamp":"2026-04-12T09:40:06.460Z"}
{"level":"info","message":"::1 - - [12/Apr/2026:09:40:06 +0000] \"GET /health HTTP/1.1\" 200 74 \"-\" \"HTTPie\"","service":"acquisitions-api","timestamp":"2026-04-12T09:40:06.615Z"}
{"level":"info","message":"::1 - - [12/Apr/2026:09:40:06 +0000] \"GET /health HTTP/1.1\" 200 74 \"-\" \"HTTPie\"","service":"acquisitions-api","timestamp":"2026-04-12T09:40:06.833Z"}
{"level":"info","message":"::1 - - [12/Apr/2026:09:40:06 +0000] \"GET /health HTTP/1.1\" 200 74 \"-\" \"HTTPie\"","service":"acquisitions-api","timestamp":"2026-04-12T09:40:06.966Z"}
{"level":"info","message":"::1 - - [12/Apr/2026:09:40:07 +0000] \"GET /health HTTP/1.1\" 200 74 \"-\" \"HTTPie\"","service":"acquisitions-api","timestamp":"2026-04-12T09:40:07.143Z"}
{"level":"info","message":"::1 - - [12/Apr/2026:09:40:07 +0000] \"GET /health HTTP/1.1\" 200 74 \"-\" \"HTTPie\"","service":"acquisitions-api","timestamp":"2026-04-12T09:40:07.339Z"}
{"level":"info","message":"::1 - - [12/Apr/2026:09:40:07 +0000] \"GET /health HTTP/1.1\" 200 74 \"-\" \"HTTPie\"","service":"acquisitions-api","timestamp":"2026-04-12T09:40:07.512Z"}
{"level":"info","message":"::1 - - [12/Apr/2026:09:40:07 +0000] \"GET /health HTTP/1.1\" 200 73 \"-\" \"HTTPie\"","service":"acquisitions-api","timestamp":"2026-04-12T09:40:07.707Z"}
{"level":"info","message":"::1 - - [12/Apr/2026:09:40:07 +0000] \"GET /health HTTP/1.1\" 200 74 \"-\" \"HTTPie\"","service":"acquisitions-api","timestamp":"2026-04-12T09:40:07.863Z"}
{"level":"info","message":"::1 - - [12/Apr/2026:09:40:08 +0000] \"GET /health HTTP/1.1\" 200 73 \"-\" \"HTTPie\"","service":"acquisitions-api","timestamp":"2026-04-12T09:40:08.058Z"}
{"level":"info","message":"::1 - - [12/Apr/2026:09:40:08 +0000] \"GET /health HTTP/1.1\" 200 74 \"-\" \"HTTPie\"","service":"acquisitions-api","timestamp":"2026-04-12T09:40:08.261Z"}
{"level":"info","message":"::1 - - [12/Apr/2026:09:40:08 +0000] \"GET /health HTTP/1.1\" 200 74 \"-\" \"HTTPie\"","service":"acquisitions-api","timestamp":"2026-04-12T09:40:08.428Z"}
{"level":"info","message":"::1 - - [12/Apr/2026:09:40:08 +0000] \"GET /health HTTP/1.1\" 200 74 \"-\" \"HTTPie\"","service":"acquisitions-api","timestamp":"2026-04-12T09:40:08.640Z"}
{"level":"info","message":"::1 - - [12/Apr/2026:09:40:08 +0000] \"GET /health HTTP/1.1\" 200 74 \"-\" \"HTTPie\"","service":"acquisitions-api","timestamp":"2026-04-12T09:40:08.848Z"}
{"level":"info","message":"::1 - - [12/Apr/2026:09:40:09 +0000] \"GET /health HTTP/1.1\" 200 74 \"-\" \"HTTPie\"","service":"acquisitions-api","timestamp":"2026-04-12T09:40:09.011Z"}
{"level":"info","message":"::1 - - [12/Apr/2026:09:40:09 +0000] \"GET /health HTTP/1.1\" 200 74 \"-\" \"HTTPie\"","service":"acquisitions-api","timestamp":"2026-04-12T09:40:09.196Z"}
{"level":"info","message":"::1 - - [12/Apr/2026:09:40:09 +0000] \"GET /health HTTP/1.1\" 200 74 \"-\" \"HTTPie\"","service":"acquisitions-api","timestamp":"2026-04-12T09:40:09.403Z"}
{"level":"info","message":"::1 - - [12/Apr/2026:09:40:09 +0000] \"GET /health HTTP/1.1\" 200 74 \"-\" \"HTTPie\"","service":"acquisitions-api","timestamp":"2026-04-12T09:40:09.596Z"}
{"level":"info","message":"::1 - - [12/Apr/2026:09:40:09 +0000] \"GET /health HTTP/1.1\" 200 74 \"-\" \"HTTPie\"","service":"acquisitions-api","timestamp":"2026-04-12T09:40:09.791Z"}
{"level":"info","message":"::1 - - [12/Apr/2026:09:40:09 +0000] \"GET /health HTTP/1.1\" 200 74 \"-\" \"HTTPie\"","service":"acquisitions-api","timestamp":"2026-04-12T09:40:09.961Z"}
{"level":"info","message":"::1 - - [12/Apr/2026:09:40:10 +0000] \"GET /health HTTP/1.1\" 200 74 \"-\" \"HTTPie\"","service":"acquisitions-api","timestamp":"2026-04-12T09:40:10.157Z"}
{"level":"info","message":"::1 - - [12/Apr/2026:09:40:10 +0000] \"GET /health HTTP/1.1\" 200 74 \"-\" \"HTTPie\"","service":"acquisitions-api","timestamp":"2026-04-12T09:40:10.353Z"}
{"level":"info","message":"::1 - - [12/Apr/2026:09:40:10 +0000] \"GET /health HTTP/1.1\" 200 74 \"-\" \"HTTPie\"","service":"acquisitions-api","timestamp":"2026-04-12T09:40:10.559Z"}
{"level":"info","message":"::1 - - [12/Apr/2026:09:40:10 +0000] \"GET /health HTTP/1.1\" 200 74 \"-\" \"HTTPie\"","service":"acquisitions-api","timestamp":"2026-04-12T09:40:10.757Z"}
{"level":"info","message":"::1 - - [12/Apr/2026:09:40:10 +0000] \"GET /health HTTP/1.1\" 200 74 \"-\" \"HTTPie\"","service":"acquisitions-api","timestamp":"2026-04-12T09:40:10.914Z"}
{"level":"info","message":"::1 - - [12/Apr/2026:09:40:11 +0000] \"GET /health HTTP/1.1\" 200 74 \"-\" \"HTTPie\"","service":"acquisitions-api","timestamp":"2026-04-12T09:40:11.121Z"}
{"level":"info","message":"::1 - - [12/Apr/2026:09:40:11 +0000] \"GET /health HTTP/1.1\" 200 74 \"-\" \"HTTPie\"","service":"acquisitions-api","timestamp":"2026-04-12T09:40:11.300Z"}
{"level":"info","message":"::1 - - [12/Apr/2026:09:40:11 +0000] \"GET /health HTTP/1.1\" 200 74 \"-\" \"HTTPie\"","service":"acquisitions-api","timestamp":"2026-04-12T09:40:11.485Z"}
{"level":"info","message":"::1 - - [12/Apr/2026:09:40:11 +0000] \"GET /health HTTP/1.1\" 200 74 \"-\" \"HTTPie\"","service":"acquisitions-api","timestamp":"2026-04-12T09:40:11.688Z"}
{"level":"info","message":"::1 - - [12/Apr/2026:09:40:11 +0000] \"GET /health HTTP/1.1\" 200 74 \"-\" \"HTTPie\"","service":"acquisitions-api","timestamp":"2026-04-12T09:40:11.870Z"}
{"level":"info","message":"::1 - - [12/Apr/2026:09:40:12 +0000] \"GET /health HTTP/1.1\" 200 74 \"-\" \"HTTPie\"","service":"acquisitions-api","timestamp":"2026-04-12T09:40:12.068Z"}
{"level":"info","message":"::1 - - [12/Apr/2026:09:40:12 +0000] \"GET /health HTTP/1.1\" 200 74 \"-\" \"HTTPie\"","service":"acquisitions-api","timestamp":"2026-04-12T09:40:12.234Z"}
{"level":"info","message":"::1 - - [12/Apr/2026:09:40:12 +0000] \"GET /health HTTP/1.1\" 200 74 \"-\" \"HTTPie\"","service":"acquisitions-api","timestamp":"2026-04-12T09:40:12.416Z"}
{"level":"info","message":"::1 - - [12/Apr/2026:09:40:12 +0000] \"GET /health HTTP/1.1\" 200 74 \"-\" \"HTTPie\"","service":"acquisitions-api","timestamp":"2026-04-12T09:40:12.634Z"}
{"level":"info","message":"::1 - - [12/Apr/2026:09:40:12 +0000] \"GET /health HTTP/1.1\" 200 73 \"-\" \"HTTPie\"","service":"acquisitions-api","timestamp":"2026-04-12T09:40:12.825Z"}
{"level":"info","message":"::1 - - [12/Apr/2026:09:40:13 +0000] \"GET /health HTTP/1.1\" 200 74 \"-\" \"HTTPie\"","service":"acquisitions-api","timestamp":"2026-04-12T09:40:13.054Z"}
{"level":"info","message":"::1 - - [12/Apr/2026:09:40:13 +0000] \"GET /health HTTP/1.1\" 200 74 \"-\" \"HTTPie\"","service":"acquisitions-api","timestamp":"2026-04-12T09:40:13.234Z"}
{"level":"info","message":"::1 - - [12/Apr/2026:09:40:13 +0000] \"GET /health HTTP/1.1\" 200 74 \"-\" \"HTTPie\"","service":"acquisitions-api","timestamp":"2026-04-12T09:40:13.419Z"}
{"level":"info","message":"::1 - - [12/Apr/2026:09:40:13 +0000] \"GET /health HTTP/1.1\" 200 74 \"-\" \"HTTPie\"","service":"acquisitions-api","timestamp":"2026-04-12T09:40:13.617Z"}
{"level":"info","message":"::1 - - [12/Apr/2026:09:40:13 +0000] \"GET /health HTTP/1.1\" 200 74 \"-\" \"HTTPie\"","service":"acquisitions-api","timestamp":"2026-04-12T09:40:13.822Z"}
{"level":"info","message":"::1 - - [12/Apr/2026:09:40:13 +0000] \"GET /health HTTP/1.1\" 200 74 \"-\" \"HTTPie\"","service":"acquisitions-api","timestamp":"2026-04-12T09:40:13.997Z"}
{"level":"info","message":"::1 - - [12/Apr/2026:09:40:14 +0000] \"GET /health HTTP/1.1\" 200 74 \"-\" \"HTTPie\"","service":"acquisitions-api","timestamp":"2026-04-12T09:40:14.218Z"}
{"level":"info","message":"::1 - - [12/Apr/2026:09:40:14 +0000] \"GET /health HTTP/1.1\" 200 74 \"-\" \"HTTPie\"","service":"acquisitions-api","timestamp":"2026-04-12T09:40:14.403Z"}
{"level":"info","message":"::1 - - [12/Apr/2026:09:40:14 +0000] \"GET /health HTTP/1.1\" 200 74 \"-\" \"HTTPie\"","service":"acquisitions-api","timestamp":"2026-04-12T09:40:14.591Z"}
{"level":"info","message":"::1 - - [12/Apr/2026:09:40:14 +0000] \"GET /health HTTP/1.1\" 200 73 \"-\" \"HTTPie\"","service":"acquisitions-api","timestamp":"2026-04-12T09:40:14.780Z"}
{"level":"info","message":"::1 - - [12/Apr/2026:09:40:14 +0000] \"GET /health HTTP/1.1\" 200 74 \"-\" \"HTTPie\"","service":"acquisitions-api","timestamp":"2026-04-12T09:40:14.953Z"}
{"level":"info","message":"::1 - - [12/Apr/2026:09:40:15 +0000] \"GET /health HTTP/1.1\" 200 74 \"-\" \"HTTPie\"","service":"acquisitions-api","timestamp":"2026-04-12T09:40:15.149Z"}
{"level":"info","message":"::1 - - [12/Apr/2026:09:40:15 +0000] \"GET /health HTTP/1.1\" 200 74 \"-\" \"HTTPie\"","service":"acquisitions-api","timestamp":"2026-04-12T09:40:15.337Z"}
{"level":"info","message":"::1 - - [12/Apr/2026:09:40:15 +0000] \"GET /health HTTP/1.1\" 200 74 \"-\" \"HTTPie\"","service":"acquisitions-api","timestamp":"2026-04-12T09:40:15.536Z"}
{"level":"info","message":"::1 - - [12/Apr/2026:09:40:15 +0000] \"GET /health HTTP/1.1\" 200 74 \"-\" \"HTTPie\"","service":"acquisitions-api","timestamp":"2026-04-12T09:40:15.742Z"}
{"level":"info","message":"::1 - - [12/Apr/2026:09:40:15 +0000] \"GET /health HTTP/1.1\" 200 74 \"-\" \"HTTPie\"","service":"acquisitions-api","timestamp":"2026-04-12T09:40:15.998Z"}
{"level":"info","message":"::1 - - [12/Apr/2026:09:40:16 +0000] \"GET /health HTTP/1.1\" 200 74 \"-\" \"HTTPie\"","service":"acquisitions-api","timestamp":"2026-04-12T09:40:16.181Z"}
{"level":"info","message":"::1 - - [12/Apr/2026:09:40:16 +0000] \"GET /health HTTP/1.1\" 200 74 \"-\" \"HTTPie\"","service":"acquisitions-api","timestamp":"2026-04-12T09:40:16.386Z"}
{"level":"info","message":"::1 - - [12/Apr/2026:09:40:16 +0000] \"GET /health HTTP/1.1\" 200 74 \"-\" \"HTTPie\"","service":"acquisitions-api","timestamp":"2026-04-12T09:40:16.558Z"}
{"level":"info","message":"::1 - - [12/Apr/2026:09:40:16 +0000] \"GET /health HTTP/1.1\" 200 74 \"-\" \"HTTPie\"","service":"acquisitions-api","timestamp":"2026-04-12T09:40:16.764Z"}
{"level":"info","message":"::1 - - [12/Apr/2026:09:40:16 +0000] \"GET /health HTTP/1.1\" 200 74 \"-\" \"HTTPie\"","service":"acquisitions-api","timestamp":"2026-04-12T09:40:16.958Z"}
{"level":"info","message":"::1 - - [12/Apr/2026:09:40:17 +0000] \"GET /health HTTP/1.1\" 200 74 \"-\" \"HTTPie\"","service":"acquisitions-api","timestamp":"2026-04-12T09:40:17.195Z"}
{"level":"info","message":"::1 - - [12/Apr/2026:09:40:17 +0000] \"GET /health HTTP/1.1\" 200 74 \"-\" \"HTTPie\"","service":"acquisitions-api","timestamp":"2026-04-12T09:40:17.383Z"}
{"level":"info","message":"::1 - - [12/Apr/2026:09:40:17 +0000] \"GET /health HTTP/1.1\" 200 74 \"-\" \"HTTPie\"","service":"acquisitions-api","timestamp":"2026-04-12T09:40:17.563Z"}
{"level":"info","message":"::1 - - [12/Apr/2026:09:40:17 +0000] \"GET /health HTTP/1.1\" 200 74 \"-\" \"HTTPie\"","service":"acquisitions-api","timestamp":"2026-04-12T09:40:17.767Z"}
{"level":"info","message":"::1 - - [12/Apr/2026:09:40:17 +0000] \"GET /health HTTP/1.1\" 200 74 \"-\" \"HTTPie\"","service":"acquisitions-api","timestamp":"2026-04-12T09:40:17.963Z"}
{"level":"info","message":"::1 - - [12/Apr/2026:09:40:18 +0000] \"GET /health HTTP/1.1\" 200 74 \"-\" \"HTTPie\"","service":"acquisitions-api","timestamp":"2026-04-12T09:40:18.190Z"}
{"level":"info","message":"::1 - - [12/Apr/2026:09:40:18 +0000] \"GET /health HTTP/1.1\" 200 74 \"-\" \"HTTPie\"","service":"acquisitions-api","timestamp":"2026-04-12T09:40:18.361Z"}
{"level":"info","message":"::1 - - [12/Apr/2026:09:40:18 +0000] \"GET /health HTTP/1.1\" 200 74 \"-\" \"HTTPie\"","service":"acquisitions-api","timestamp":"2026-04-12T09:40:18.557Z"}
{"level":"info","message":"::1 - - [12/Apr/2026:09:40:18 +0000] \"GET /health HTTP/1.1\" 200 74 \"-\" \"HTTPie\"","service":"acquisitions-api","timestamp":"2026-04-12T09:40:18.750Z"}
{"level":"info","message":"::1 - - [12/Apr/2026:09:40:18 +0000] \"GET /health HTTP/1.1\" 200 74 \"-\" \"HTTPie\"","service":"acquisitions-api","timestamp":"2026-04-12T09:40:18.955Z"}
{"level":"info","message":"::1 - - [12/Apr/2026:09:40:19 +0000] \"GET /health HTTP/1.1\" 200 73 \"-\" \"HTTPie\"","service":"acquisitions-api","timestamp":"2026-04-12T09:40:19.192Z"}
{"level":"info","message":"::1 - - [12/Apr/2026:09:40:19 +0000] \"GET /health HTTP/1.1\" 200 74 \"-\" \"HTTPie\"","service":"acquisitions-api","timestamp":"2026-04-12T09:40:19.381Z"}
{"level":"info","message":"::1 - - [12/Apr/2026:09:40:19 +0000] \"GET /health HTTP/1.1\" 200 74 \"-\" \"HTTPie\"","service":"acquisitions-api","timestamp":"2026-04-12T09:40:19.577Z"}
{"level":"info","message":"::1 - - [12/Apr/2026:09:40:19 +0000] \"GET /health HTTP/1.1\" 200 74 \"-\" \"HTTPie\"","service":"acquisitions-api","timestamp":"2026-04-12T09:40:19.814Z"}
{"level":"info","message":"::1 - - [12/Apr/2026:09:40:19 +0000] \"GET /health HTTP/1.1\" 200 73 \"-\" \"HTTPie\"","service":"acquisitions-api","timestamp":"2026-04-12T09:40:19.986Z"}
{"level":"info","message":"::1 - - [12/Apr/2026:09:40:20 +0000] \"GET /health HTTP/1.1\" 200 74 \"-\" \"HTTPie\"","service":"acquisitions-api","timestamp":"2026-04-12T09:40:20.196Z"}
{"level":"info","message":"::1 - - [12/Apr/2026:09:40:20 +0000] \"GET /health HTTP/1.1\" 200 74 \"-\" \"HTTPie\"","service":"acquisitions-api","timestamp":"2026-04-12T09:40:20.486Z"}
{"level":"info","message":"::1 - - [12/Apr/2026:09:40:20 +0000] \"GET /health HTTP/1.1\" 200 74 \"-\" \"HTTPie\"","service":"acquisitions-api","timestamp":"2026-04-12T09:40:20.667Z"}
{"level":"info","message":"::1 - - [12/Apr/2026:09:40:20 +0000] \"GET /health HTTP/1.1\" 200 74 \"-\" \"HTTPie\"","service":"acquisitions-api","timestamp":"2026-04-12T09:40:20.891Z"}
{"level":"info","message":"::1 - - [12/Apr/2026:09:40:21 +0000] \"GET /health HTTP/1.1\" 200 74 \"-\" \"HTTPie\"","service":"acquisitions-api","timestamp":"2026-04-12T09:40:21.104Z"}
{"level":"info","message":"::1 - - [12/Apr/2026:09:40:21 +0000] \"GET /health HTTP/1.1\" 200 73 \"-\" \"HTTPie\"","service":"acquisitions-api","timestamp":"2026-04-12T09:40:21.271Z"}
{"level":"info","message":"::1 - - [12/Apr/2026:09:40:21 +0000] \"GET /health HTTP/1.1\" 200 74 \"-\" \"HTTPie\"","service":"acquisitions-api","timestamp":"2026-04-12T09:40:21.474Z"}
{"level":"info","message":"::1 - - [12/Apr/2026:09:40:21 +0000] \"GET /health HTTP/1.1\" 200 74 \"-\" \"HTTPie\"","service":"acquisitions-api","timestamp":"2026-04-12T09:40:21.663Z"}
{"level":"info","message":"::1 - - [12/Apr/2026:09:40:21 +0000] \"GET /health HTTP/1.1\" 200 74 \"-\" \"HTTPie\"","service":"acquisitions-api","timestamp":"2026-04-12T09:40:21.873Z"}
{"level":"info","message":"::1 - - [12/Apr/2026:09:40:22 +0000] \"GET /health HTTP/1.1\" 200 74 \"-\" \"HTTPie\"","service":"acquisitions-api","timestamp":"2026-04-12T09:40:22.113Z"}
{"level":"info","message":"::1 - - [12/Apr/2026:09:40:22 +0000] \"GET /health HTTP/1.1\" 200 74 \"-\" \"HTTPie\"","service":"acquisitions-api","timestamp":"2026-04-12T09:40:22.245Z"}
{"level":"info","message":"::1 - - [12/Apr/2026:09:40:22 +0000] \"GET /health HTTP/1.1\" 200 74 \"-\" \"HTTPie\"","service":"acquisitions-api","timestamp":"2026-04-12T09:40:22.435Z"}
{"level":"info","message":"::1 - - [12/Apr/2026:09:40:22 +0000] \"GET /health HTTP/1.1\" 200 74 \"-\" \"HTTPie\"","service":"acquisitions-api","timestamp":"2026-04-12T09:40:22.659Z"}
{"level":"info","message":"::1 - - [12/Apr/2026:09:40:22 +0000] \"GET /health HTTP/1.1\" 200 74 \"-\" \"HTTPie\"","service":"acquisitions-api","timestamp":"2026-04-12T09:40:22.843Z"}
{"level":"info","message":"User signed out successfully","service":"acquisitions-api","timestamp":"2026-05-24T09:26:16.852Z"}
{"level":"info","message":"::1 - - [24/May/2026:09:26:16 +0000] \"POST /api/auth/sign-out HTTP/1.1\" 200 42 \"-\" \"HTTPie\"","service":"acquisitions-api","timestamp":"2026-05-24T09:26:16.870Z"}
{"level":"info","message":"User signed out successfully","service":"acquisitions-api","timestamp":"2026-05-24T09:26:19.690Z"}
{"level":"info","message":"::1 - - [24/May/2026:09:26:19 +0000] \"POST /api/auth/sign-out HTTP/1.1\" 200 42 \"-\" \"HTTPie\"","service":"acquisitions-api","timestamp":"2026-05-24T09:26:19.693Z"}
{"level":"info","message":"::1 - - [24/May/2026:09:38:00 +0000] \"GET /health HTTP/1.1\" 200 75 \"-\" \"HTTPie\"","service":"acquisitions-api","timestamp":"2026-05-24T09:38:00.643Z"}
{"level":"info","message":"::1 - - [24/May/2026:09:38:56 +0000] \"GET /health HTTP/1.1\" 200 75 \"-\" \"HTTPie\"","service":"acquisitions-api","timestamp":"2026-05-24T09:38:56.930Z"}
{"level":"info","message":"::1 - - [24/May/2026:09:38:57 +0000] \"GET /health HTTP/1.1\" 200 75 \"-\" \"HTTPie\"","service":"acquisitions-api","timestamp":"2026-05-24T09:38:57.238Z"}
{"level":"info","message":"::1 - - [24/May/2026:09:38:58 +0000] \"GET /health HTTP/1.1\" 200 75 \"-\" \"HTTPie\"","service":"acquisitions-api","timestamp":"2026-05-24T09:38:58.463Z"}
{"level":"info","message":"::1 - - [24/May/2026:09:38:59 +0000] \"GET /health HTTP/1.1\" 200 75 \"-\" \"HTTPie\"","service":"acquisitions-api","timestamp":"2026-05-24T09:38:59.488Z"}
{"level":"info","message":"::1 - - [24/May/2026:09:39:00 +0000] \"GET /health HTTP/1.1\" 200 75 \"-\" \"HTTPie\"","service":"acquisitions-api","timestamp":"2026-05-24T09:39:00.423Z"}
{"level":"info","message":"::1 - - [24/May/2026:09:39:01 +0000] \"GET /health HTTP/1.1\" 200 75 \"-\" \"HTTPie\"","service":"acquisitions-api","timestamp":"2026-05-24T09:39:01.330Z"}
{"level":"info","message":"::1 - - [24/May/2026:09:39:02 +0000] \"GET /health HTTP/1.1\" 200 75 \"-\" \"HTTPie\"","service":"acquisitions-api","timestamp":"2026-05-24T09:39:02.254Z"}
{"level":"info","message":"::1 - - [24/May/2026:09:39:02 +0000] \"GET /health HTTP/1.1\" 200 75 \"-\" \"HTTPie\"","service":"acquisitions-api","timestamp":"2026-05-24T09:39:02.969Z"}
{"level":"info","message":"::1 - - [24/May/2026:09:39:03 +0000] \"GET /health HTTP/1.1\" 200 73 \"-\" \"HTTPie\"","service":"acquisitions-api","timestamp":"2026-05-24T09:39:03.281Z"}
{"level":"info","message":"::1 - - [24/May/2026:09:39:03 +0000] \"GET /health HTTP/1.1\" 200 75 \"-\" \"HTTPie\"","service":"acquisitions-api","timestamp":"2026-05-24T09:39:03.685Z"}
{"level":"info","message":"::1 - - [24/May/2026:09:39:03 +0000] \"GET /health HTTP/1.1\" 200 74 \"-\" \"HTTPie\"","service":"acquisitions-api","timestamp":"2026-05-24T09:39:03.991Z"}
{"level":"info","message":"::1 - - [24/May/2026:09:39:04 +0000] \"GET /health HTTP/1.1\" 200 75 \"-\" \"HTTPie\"","service":"acquisitions-api","timestamp":"2026-05-24T09:39:04.297Z"}
{"level":"info","message":"::1 - - [24/May/2026:09:39:04 +0000] \"GET /health HTTP/1.1\" 200 75 \"-\" \"HTTPie\"","service":"acquisitions-api","timestamp":"2026-05-24T09:39:04.605Z"}
{"level":"info","message":"::1 - - [24/May/2026:09:39:04 +0000] \"GET /health HTTP/1.1\" 200 75 \"-\" \"HTTPie\"","service":"acquisitions-api","timestamp":"2026-05-24T09:39:04.912Z"}
{"level":"info","message":"::1 - - [24/May/2026:09:39:05 +0000] \"GET /health HTTP/1.1\" 200 75 \"-\" \"HTTPie\"","service":"acquisitions-api","timestamp":"2026-05-24T09:39:05.219Z"}
{"level":"info","message":"::1 - - [24/May/2026:09:39:06 +0000] \"GET /health HTTP/1.1\" 200 75 \"-\" \"HTTPie\"","service":"acquisitions-api","timestamp":"2026-05-24T09:39:06.143Z"}
{"level":"info","message":"::1 - - [24/May/2026:09:39:06 +0000] \"GET /health HTTP/1.1\" 200 75 \"-\" \"HTTPie\"","service":"acquisitions-api","timestamp":"2026-05-24T09:39:06.554Z"}
{"level":"info","message":"::1 - - [24/May/2026:09:39:06 +0000] \"GET /health HTTP/1.1\" 200 75 \"-\" \"HTTPie\"","service":"acquisitions-api","timestamp":"2026-05-24T09:39:06.875Z"}
{"level":"info","message":"::1 - - [24/May/2026:09:39:07 +0000] \"GET /health HTTP/1.1\" 200 75 \"-\" \"HTTPie\"","service":"acquisitions-api","timestamp":"2026-05-24T09:39:07.165Z"}
{"level":"info","message":"::1 - - [24/May/2026:09:39:07 +0000] \"GET /health HTTP/1.1\" 200 75 \"-\" \"HTTPie\"","service":"acquisitions-api","timestamp":"2026-05-24T09:39:07.473Z"}
{"level":"info","message":"::1 - - [24/May/2026:09:39:07 +0000] \"GET /health HTTP/1.1\" 200 74 \"-\" \"HTTPie\"","service":"acquisitions-api","timestamp":"2026-05-24T09:39:07.780Z"}
{"level":"info","message":"::1 - - [24/May/2026:09:39:08 +0000] \"GET /health HTTP/1.1\" 200 75 \"-\" \"HTTPie\"","service":"acquisitions-api","timestamp":"2026-05-24T09:39:08.086Z"}
{"level":"info","message":"::1 - - [24/May/2026:09:39:08 +0000] \"GET /health HTTP/1.1\" 200 75 \"-\" \"HTTPie\"","service":"acquisitions-api","timestamp":"2026-05-24T09:39:08.498Z"}
{"level":"info","message":"::1 - - [24/May/2026:09:39:08 +0000] \"GET /health HTTP/1.1\" 200 75 \"-\" \"HTTPie\"","service":"acquisitions-api","timestamp":"2026-05-24T09:39:08.906Z"}
{"level":"info","message":"::1 - - [24/May/2026:09:39:09 +0000] \"GET /health HTTP/1.1\" 200 75 \"-\" \"HTTPie\"","service":"acquisitions-api","timestamp":"2026-05-24T09:39:09.214Z"}
{"level":"info","message":"::1 - - [24/May/2026:09:39:09 +0000] \"GET /health HTTP/1.1\" 200 75 \"-\" \"HTTPie\"","service":"acquisitions-api","timestamp":"2026-05-24T09:39:09.519Z"}
{"level":"info","message":"::1 - - [24/May/2026:09:39:09 +0000] \"GET /health HTTP/1.1\" 200 75 \"-\" \"HTTPie\"","service":"acquisitions-api","timestamp":"2026-05-24T09:39:09.827Z"}
{"level":"info","message":"::1 - - [24/May/2026:09:39:10 +0000] \"GET /health HTTP/1.1\" 200 75 \"-\" \"HTTPie\"","service":"acquisitions-api","timestamp":"2026-05-24T09:39:10.135Z"}
{"level":"info","message":"::1 - - [24/May/2026:09:39:10 +0000] \"GET /health HTTP/1.1\" 200 75 \"-\" \"HTTPie\"","service":"acquisitions-api","timestamp":"2026-05-24T09:39:10.546Z"}
{"level":"info","message":"::1 - - [24/May/2026:09:39:10 +0000] \"GET /health HTTP/1.1\" 200 75 \"-\" \"HTTPie\"","service":"acquisitions-api","timestamp":"2026-05-24T09:39:10.872Z"}
{"level":"info","message":"::1 - - [24/May/2026:09:39:11 +0000] \"GET /health HTTP/1.1\" 200 75 \"-\" \"HTTPie\"","service":"acquisitions-api","timestamp":"2026-05-24T09:39:11.262Z"}
{"level":"info","message":"::1 - - [24/May/2026:09:39:11 +0000] \"GET /health HTTP/1.1\" 200 75 \"-\" \"HTTPie\"","service":"acquisitions-api","timestamp":"2026-05-24T09:39:11.670Z"}
{"level":"info","message":"::1 - - [24/May/2026:09:39:11 +0000] \"GET /health HTTP/1.1\" 200 75 \"-\" \"HTTPie\"","service":"acquisitions-api","timestamp":"2026-05-24T09:39:11.979Z"}
{"level":"info","message":"::1 - - [24/May/2026:09:39:12 +0000] \"GET /health HTTP/1.1\" 200 75 \"-\" \"HTTPie\"","service":"acquisitions-api","timestamp":"2026-05-24T09:39:12.283Z"}
{"level":"info","message":"::1 - - [24/May/2026:09:39:12 +0000] \"GET /health HTTP/1.1\" 200 75 \"-\" \"HTTPie\"","service":"acquisitions-api","timestamp":"2026-05-24T09:39:12.527Z"}
{"level":"info","message":"::1 - - [24/May/2026:09:39:12 +0000] \"GET /health HTTP/1.1\" 200 75 \"-\" \"HTTPie\"","service":"acquisitions-api","timestamp":"2026-05-24T09:39:12.799Z"}
{"level":"info","message":"::1 - - [24/May/2026:09:39:13 +0000] \"GET /health HTTP/1.1\" 200 75 \"-\" \"HTTPie\"","service":"acquisitions-api","timestamp":"2026-05-24T09:39:13.207Z"}
{"level":"info","message":"::1 - - [24/May/2026:09:39:13 +0000] \"GET /health HTTP/1.1\" 200 75 \"-\" \"HTTPie\"","service":"acquisitions-api","timestamp":"2026-05-24T09:39:13.822Z"}
{"level":"info","message":"::1 - - [24/May/2026:09:39:14 +0000] \"GET /health HTTP/1.1\" 200 75 \"-\" \"HTTPie\"","service":"acquisitions-api","timestamp":"2026-05-24T09:39:14.128Z"}
{"level":"info","message":"::1 - - [24/May/2026:09:39:14 +0000] \"GET /health HTTP/1.1\" 200 75 \"-\" \"HTTPie\"","service":"acquisitions-api","timestamp":"2026-05-24T09:39:14.364Z"}
{"level":"info","message":"::1 - - [24/May/2026:09:39:14 +0000] \"GET /health HTTP/1.1\" 200 75 \"-\" \"HTTPie\"","service":"acquisitions-api","timestamp":"2026-05-24T09:39:14.640Z"}
{"level":"info","message":"::1 - - [24/May/2026:09:39:14 +0000] \"GET /health HTTP/1.1\" 200 75 \"-\" \"HTTPie\"","service":"acquisitions-api","timestamp":"2026-05-24T09:39:14.960Z"}
{"level":"info","message":"::1 - - [24/May/2026:09:39:15 +0000] \"GET /health HTTP/1.1\" 200 75 \"-\" \"HTTPie\"","service":"acquisitions-api","timestamp":"2026-05-24T09:39:15.254Z"}
{"level":"info","message":"::1 - - [24/May/2026:09:39:15 +0000] \"GET /health HTTP/1.1\" 200 75 \"-\" \"HTTPie\"","service":"acquisitions-api","timestamp":"2026-05-24T09:39:15.579Z"}
{"level":"info","message":"::1 - - [24/May/2026:09:39:15 +0000] \"GET /health HTTP/1.1\" 200 75 \"-\" \"HTTPie\"","service":"acquisitions-api","timestamp":"2026-05-24T09:39:15.868Z"}
{"level":"info","message":"::1 - - [24/May/2026:09:39:16 +0000] \"GET /health HTTP/1.1\" 200 75 \"-\" \"HTTPie\"","service":"acquisitions-api","timestamp":"2026-05-24T09:39:16.197Z"}
{"level":"info","message":"::1 - - [24/May/2026:09:39:16 +0000] \"GET /health HTTP/1.1\" 200 75 \"-\" \"HTTPie\"","service":"acquisitions-api","timestamp":"2026-05-24T09:39:16.482Z"}
{"level":"info","message":"::1 - - [24/May/2026:09:39:16 +0000] \"GET /health HTTP/1.1\" 200 75 \"-\" \"HTTPie\"","service":"acquisitions-api","timestamp":"2026-05-24T09:39:16.795Z"}
{"level":"info","message":"::1 - - [24/May/2026:09:39:17 +0000] \"GET /health HTTP/1.1\" 200 75 \"-\" \"HTTPie\"","service":"acquisitions-api","timestamp":"2026-05-24T09:39:17.098Z"}
{"level":"info","message":"::1 - - [24/May/2026:09:39:17 +0000] \"GET /health HTTP/1.1\" 200 75 \"-\" \"HTTPie\"","service":"acquisitions-api","timestamp":"2026-05-24T09:39:17.412Z"}
{"level":"info","message":"::1 - - [24/May/2026:09:39:17 +0000] \"GET /health HTTP/1.1\" 200 75 \"-\" \"HTTPie\"","service":"acquisitions-api","timestamp":"2026-05-24T09:39:17.713Z"}
{"level":"info","message":"::1 - - [24/May/2026:09:39:18 +0000] \"GET /health HTTP/1.1\" 200 75 \"-\" \"HTTPie\"","service":"acquisitions-api","timestamp":"2026-05-24T09:39:18.056Z"}
{"level":"info","message":"::1 - - [24/May/2026:09:39:18 +0000] \"GET /health HTTP/1.1\" 200 75 \"-\" \"HTTPie\"","service":"acquisitions-api","timestamp":"2026-05-24T09:39:18.326Z"}
{"level":"info","message":"::1 - - [24/May/2026:09:39:18 +0000] \"GET /health HTTP/1.1\" 200 75 \"-\" \"HTTPie\"","service":"acquisitions-api","timestamp":"2026-05-24T09:39:18.633Z"}
{"level":"info","message":"::1 - - [24/May/2026:09:39:18 +0000] \"GET /health HTTP/1.1\" 200 75 \"-\" \"HTTPie\"","service":"acquisitions-api","timestamp":"2026-05-24T09:39:18.941Z"}
{"level":"info","message":"::1 - - [24/May/2026:09:39:19 +0000] \"GET /health HTTP/1.1\" 200 75 \"-\" \"HTTPie\"","service":"acquisitions-api","timestamp":"2026-05-24T09:39:19.249Z"}
{"level":"info","message":"::1 - - [24/May/2026:09:39:19 +0000] \"GET /health HTTP/1.1\" 200 75 \"-\" \"HTTPie\"","service":"acquisitions-api","timestamp":"2026-05-24T09:39:19.657Z"}
{"level":"info","message":"::1 - - [24/May/2026:09:39:19 +0000] \"GET /health HTTP/1.1\" 200 75 \"-\" \"HTTPie\"","service":"acquisitions-api","timestamp":"2026-05-24T09:39:19.981Z"}
{"level":"info","message":"::1 - - [24/May/2026:09:39:20 +0000] \"GET /health HTTP/1.1\" 200 75 \"-\" \"HTTPie\"","service":"acquisitions-api","timestamp":"2026-05-24T09:39:20.202Z"}
{"level":"info","message":"::1 - - [24/May/2026:09:39:20 +0000] \"GET /health HTTP/1.1\" 200 75 \"-\" \"HTTPie\"","service":"acquisitions-api","timestamp":"2026-05-24T09:39:20.579Z"}
{"level":"info","message":"::1 - - [24/May/2026:09:39:20 +0000] \"GET /health HTTP/1.1\" 200 75 \"-\" \"HTTPie\"","service":"acquisitions-api","timestamp":"2026-05-24T09:39:20.886Z"}
{"level":"info","message":"::1 - - [24/May/2026:09:39:21 +0000] \"GET /health HTTP/1.1\" 200 75 \"-\" \"HTTPie\"","service":"acquisitions-api","timestamp":"2026-05-24T09:39:21.200Z"}
{"level":"info","message":"::1 - - [24/May/2026:09:39:21 +0000] \"GET /health HTTP/1.1\" 200 75 \"-\" \"HTTPie\"","service":"acquisitions-api","timestamp":"2026-05-24T09:39:21.603Z"}
{"level":"info","message":"::1 - - [24/May/2026:09:39:21 +0000] \"GET /health HTTP/1.1\" 200 75 \"-\" \"HTTPie\"","service":"acquisitions-api","timestamp":"2026-05-24T09:39:21.910Z"}
{"level":"info","message":"::1 - - [24/May/2026:09:39:22 +0000] \"GET /health HTTP/1.1\" 200 74 \"-\" \"HTTPie\"","service":"acquisitions-api","timestamp":"2026-05-24T09:39:22.219Z"}
{"level":"info","message":"::1 - - [24/May/2026:09:39:22 +0000] \"GET /health HTTP/1.1\" 200 75 \"-\" \"HTTPie\"","service":"acquisitions-api","timestamp":"2026-05-24T09:39:22.627Z"}
{"level":"info","message":"::1 - - [24/May/2026:09:39:23 +0000] \"GET /health HTTP/1.1\" 200 75 \"-\" \"HTTPie\"","service":"acquisitions-api","timestamp":"2026-05-24T09:39:23.037Z"}
{"level":"info","message":"::1 - - [24/May/2026:09:39:23 +0000] \"GET /health HTTP/1.1\" 200 75 \"-\" \"HTTPie\"","service":"acquisitions-api","timestamp":"2026-05-24T09:39:23.266Z"}
{"level":"info","message":"::1 - - [24/May/2026:09:39:23 +0000] \"GET /health HTTP/1.1\" 200 75 \"-\" \"HTTPie\"","service":"acquisitions-api","timestamp":"2026-05-24T09:39:23.651Z"}
{"level":"info","message":"::1 - - [24/May/2026:09:39:24 +0000] \"GET /health HTTP/1.1\" 200 75 \"-\" \"HTTPie\"","service":"acquisitions-api","timestamp":"2026-05-24T09:39:24.063Z"}
{"level":"info","message":"::1 - - [24/May/2026:09:39:33 +0000] \"GET /health HTTP/1.1\" 200 75 \"-\" \"HTTPie\"","service":"acquisitions-api","timestamp":"2026-05-24T09:39:33.401Z"}
{"level":"info","message":"::1 - - [24/May/2026:09:39:33 +0000] \"GET /health HTTP/1.1\" 200 73 \"-\" \"HTTPie\"","service":"acquisitions-api","timestamp":"2026-05-24T09:39:33.711Z"}
{"level":"info","message":"::1 - - [24/May/2026:09:39:33 +0000] \"GET /health HTTP/1.1\" 200 75 \"-\" \"HTTPie\"","service":"acquisitions-api","timestamp":"2026-05-24T09:39:33.992Z"}
{"level":"info","message":"::1 - - [24/May/2026:09:39:34 +0000] \"GET /health HTTP/1.1\" 200 75 \"-\" \"HTTPie\"","service":"acquisitions-api","timestamp":"2026-05-24T09:39:34.249Z"}
{"level":"info","message":"::1 - - [24/May/2026:09:39:34 +0000] \"GET /health HTTP/1.1\" 200 74 \"-\" \"HTTPie\"","service":"acquisitions-api","timestamp":"2026-05-24T09:39:34.505Z"}
{"level":"info","message":"::1 - - [24/May/2026:09:39:34 +0000] \"GET /health HTTP/1.1\" 200 75 \"-\" \"HTTPie\"","service":"acquisitions-api","timestamp":"2026-05-24T09:39:34.813Z"}
{"level":"info","message":"::1 - - [24/May/2026:09:39:35 +0000] \"GET /health HTTP/1.1\" 200 75 \"-\" \"HTTPie\"","service":"acquisitions-api","timestamp":"2026-05-24T09:39:35.146Z"}
{"level":"info","message":"::1 - - [24/May/2026:09:39:35 +0000] \"GET /health HTTP/1.1\" 200 75 \"-\" \"HTTPie\"","service":"acquisitions-api","timestamp":"2026-05-24T09:39:35.529Z"}
{"level":"info","message":"::1 - - [24/May/2026:09:39:35 +0000] \"GET /health HTTP/1.1\" 200 75 \"-\" \"HTTPie\"","service":"acquisitions-api","timestamp":"2026-05-24T09:39:35.846Z"}
{"level":"info","message":"::1 - - [24/May/2026:09:39:36 +0000] \"GET /health HTTP/1.1\" 200 75 \"-\" \"HTTPie\"","service":"acquisitions-api","timestamp":"2026-05-24T09:39:36.249Z"}
{"level":"info","message":"::1 - - [24/May/2026:09:39:36 +0000] \"GET /health HTTP/1.1\" 200 75 \"-\" \"HTTPie\"","service":"acquisitions-api","timestamp":"2026-05-24T09:39:36.556Z"}
{"level":"info","message":"::1 - - [24/May/2026:09:39:36 +0000] \"GET /health HTTP/1.1\" 200 74 \"-\" \"HTTPie\"","service":"acquisitions-api","timestamp":"2026-05-24T09:39:36.964Z"}
{"level":"info","message":"::1 - - [24/May/2026:09:39:37 +0000] \"GET /health HTTP/1.1\" 200 75 \"-\" \"HTTPie\"","service":"acquisitions-api","timestamp":"2026-05-24T09:39:37.294Z"}
{"level":"info","message":"::1 - - [24/May/2026:09:39:37 +0000] \"GET /health HTTP/1.1\" 200 75 \"-\" \"HTTPie\"","service":"acquisitions-api","timestamp":"2026-05-24T09:39:37.577Z"}
{"level":"info","message":"::1 - - [24/May/2026:09:39:37 +0000] \"GET /health HTTP/1.1\" 200 75 \"-\" \"HTTPie\"","service":"acquisitions-api","timestamp":"2026-05-24T09:39:37.885Z"}
{"level":"info","message":"::1 - - [24/May/2026:09:39:38 +0000] \"GET /health HTTP/1.1\" 200 75 \"-\" \"HTTPie\"","service":"acquisitions-api","timestamp":"2026-05-24T09:39:38.211Z"}
{"level":"info","message":"::1 - - [24/May/2026:09:39:38 +0000] \"GET /health HTTP/1.1\" 200 75 \"-\" \"HTTPie\"","service":"acquisitions-api","timestamp":"2026-05-24T09:39:38.603Z"}
{"level":"info","message":"::1 - - [24/May/2026:09:39:38 +0000] \"GET /health HTTP/1.1\" 200 75 \"-\" \"HTTPie\"","service":"acquisitions-api","timestamp":"2026-05-24T09:39:38.917Z"}
{"level":"info","message":"::1 - - [24/May/2026:09:39:39 +0000] \"GET /health HTTP/1.1\" 200 75 \"-\" \"HTTPie\"","service":"acquisitions-api","timestamp":"2026-05-24T09:39:39.320Z"}
{"level":"info","message":"::1 - - [24/May/2026:09:39:39 +0000] \"GET /health HTTP/1.1\" 200 75 \"-\" \"HTTPie\"","service":"acquisitions-api","timestamp":"2026-05-24T09:39:39.727Z"}
{"level":"info","message":"::1 - - [24/May/2026:09:39:40 +0000] \"GET /health HTTP/1.1\" 200 75 \"-\" \"HTTPie\"","service":"acquisitions-api","timestamp":"2026-05-24T09:39:40.035Z"}
{"level":"info","message":"::1 - - [24/May/2026:09:39:40 +0000] \"GET /health HTTP/1.1\" 200 75 \"-\" \"HTTPie\"","service":"acquisitions-api","timestamp":"2026-05-24T09:39:40.376Z"}
{"level":"info","message":"::1 - - [24/May/2026:09:39:40 +0000] \"GET /health HTTP/1.1\" 200 75 \"-\" \"HTTPie\"","service":"acquisitions-api","timestamp":"2026-05-24T09:39:40.752Z"}
{"level":"info","message":"::1 - - [24/May/2026:09:39:41 +0000] \"GET /health HTTP/1.1\" 200 75 \"-\" \"HTTPie\"","service":"acquisitions-api","timestamp":"2026-05-24T09:39:41.091Z"}
{"level":"info","message":"::1 - - [24/May/2026:09:39:41 +0000] \"GET /health HTTP/1.1\" 200 75 \"-\" \"HTTPie\"","service":"acquisitions-api","timestamp":"2026-05-24T09:39:41.366Z"}
{"level":"info","message":"::1 - - [24/May/2026:09:39:41 +0000] \"GET /health HTTP/1.1\" 200 75 \"-\" \"HTTPie\"","service":"acquisitions-api","timestamp":"2026-05-24T09:39:41.674Z"}
{"level":"info","message":"::1 - - [24/May/2026:09:39:42 +0000] \"GET /health HTTP/1.1\" 200 75 \"-\" \"HTTPie\"","service":"acquisitions-api","timestamp":"2026-05-24T09:39:42.085Z"}
{"level":"info","message":"::1 - - [24/May/2026:09:39:42 +0000] \"GET /health HTTP/1.1\" 200 75 \"-\" \"HTTPie\"","service":"acquisitions-api","timestamp":"2026-05-24T09:39:42.475Z"}
{"level":"info","message":"::1 - - [24/May/2026:09:39:42 +0000] \"GET /health HTTP/1.1\" 200 74 \"-\" \"HTTPie\"","service":"acquisitions-api","timestamp":"2026-05-24T09:39:42.902Z"}
{"level":"info","message":"::1 - - [24/May/2026:09:39:43 +0000] \"GET /health HTTP/1.1\" 200 75 \"-\" \"HTTPie\"","service":"acquisitions-api","timestamp":"2026-05-24T09:39:43.209Z"}
{"level":"info","message":"::1 - - [24/May/2026:09:39:44 +0000] \"GET /health HTTP/1.1\" 200 75 \"-\" \"HTTPie\"","service":"acquisitions-api","timestamp":"2026-05-24T09:39:44.299Z"}
{"level":"info","message":"::1 - - [24/May/2026:09:39:44 +0000] \"GET /health HTTP/1.1\" 200 75 \"-\" \"HTTPie\"","service":"acquisitions-api","timestamp":"2026-05-24T09:39:44.539Z"}
{"level":"info","message":"::1 - - [24/May/2026:09:39:44 +0000] \"GET /health HTTP/1.1\" 200 75 \"-\" \"HTTPie\"","service":"acquisitions-api","timestamp":"2026-05-24T09:39:44.876Z"}
{"level":"info","message":"::1 - - [24/May/2026:09:39:45 +0000] \"GET /health HTTP/1.1\" 200 75 \"-\" \"HTTPie\"","service":"acquisitions-api","timestamp":"2026-05-24T09:39:45.154Z"}
{"level":"info","message":"::1 - - [24/May/2026:09:39:45 +0000] \"GET /health HTTP/1.1\" 200 75 \"-\" \"HTTPie\"","service":"acquisitions-api","timestamp":"2026-05-24T09:39:45.462Z"}
{"level":"info","message":"::1 - - [24/May/2026:09:39:45 +0000] \"GET /health HTTP/1.1\" 200 75 \"-\" \"HTTPie\"","service":"acquisitions-api","timestamp":"2026-05-24T09:39:45.770Z"}
{"level":"info","message":"::1 - - [24/May/2026:09:39:46 +0000] \"GET /health HTTP/1.1\" 200 75 \"-\" \"HTTPie\"","service":"acquisitions-api","timestamp":"2026-05-24T09:39:46.077Z"}
{"level":"info","message":"::1 - - [24/May/2026:09:39:46 +0000] \"GET /health HTTP/1.1\" 200 75 \"-\" \"HTTPie\"","service":"acquisitions-api","timestamp":"2026-05-24T09:39:46.419Z"}
{"level":"info","message":"::1 - - [24/May/2026:09:39:46 +0000] \"GET /health HTTP/1.1\" 200 75 \"-\" \"HTTPie\"","service":"acquisitions-api","timestamp":"2026-05-24T09:39:46.692Z"}
{"level":"info","message":"::1 - - [24/May/2026:09:39:47 +0000] \"GET /health HTTP/1.1\" 200 75 \"-\" \"HTTPie\"","service":"acquisitions-api","timestamp":"2026-05-24T09:39:47.101Z"}
{"level":"info","message":"::1 - - [24/May/2026:09:39:47 +0000] \"GET /health HTTP/1.1\" 200 75 \"-\" \"HTTPie\"","service":"acquisitions-api","timestamp":"2026-05-24T09:39:47.512Z"}
{"level":"info","message":"::1 - - [24/May/2026:09:39:47 +0000] \"GET /health HTTP/1.1\" 200 74 \"-\" \"HTTPie\"","service":"acquisitions-api","timestamp":"2026-05-24T09:39:47.922Z"}
{"level":"info","message":"::1 - - [24/May/2026:09:39:48 +0000] \"GET /health HTTP/1.1\" 200 75 \"-\" \"HTTPie\"","service":"acquisitions-api","timestamp":"2026-05-24T09:39:48.244Z"}
{"level":"info","message":"::1 - - [24/May/2026:09:39:48 +0000] \"GET /health HTTP/1.1\" 200 75 \"-\" \"HTTPie\"","service":"acquisitions-api","timestamp":"2026-05-24T09:39:48.534Z"}
{"level":"info","message":"::1 - - [24/May/2026:09:39:48 +0000] \"GET /health HTTP/1.1\" 200 75 \"-\" \"HTTPie\"","service":"acquisitions-api","timestamp":"2026-05-24T09:39:48.864Z"}
{"level":"info","message":"::1 - - [24/May/2026:09:39:49 +0000] \"GET /health HTTP/1.1\" 200 75 \"-\" \"HTTPie\"","service":"acquisitions-api","timestamp":"2026-05-24T09:39:49.148Z"}
{"level":"info","message":"::1 - - [24/May/2026:09:39:49 +0000] \"GET /health HTTP/1.1\" 200 75 \"-\" \"HTTPie\"","service":"acquisitions-api","timestamp":"2026-05-24T09:39:49.479Z"}
{"level":"info","message":"::1 - - [24/May/2026:09:39:49 +0000] \"GET /health HTTP/1.1\" 200 74 \"-\" \"HTTPie\"","service":"acquisitions-api","timestamp":"2026-05-24T09:39:49.761Z"}
{"level":"info","message":"::1 - - [24/May/2026:09:39:50 +0000] \"GET /health HTTP/1.1\" 200 73 \"-\" \"HTTPie\"","service":"acquisitions-api","timestamp":"2026-05-24T09:39:50.173Z"}
{"level":"info","message":"::1 - - [24/May/2026:09:39:50 +0000] \"GET /health HTTP/1.1\" 200 75 \"-\" \"HTTPie\"","service":"acquisitions-api","timestamp":"2026-05-24T09:39:50.583Z"}
{"level":"info","message":"::1 - - [24/May/2026:09:39:50 +0000] \"GET /health HTTP/1.1\" 200 75 \"-\" \"HTTPie\"","service":"acquisitions-api","timestamp":"2026-05-24T09:39:50.927Z"}
{"level":"info","message":"::1 - - [24/May/2026:09:39:51 +0000] \"GET /health HTTP/1.1\" 200 75 \"-\" \"HTTPie\"","service":"acquisitions-api","timestamp":"2026-05-24T09:39:51.324Z"}
{"level":"info","message":"::1 - - [24/May/2026:09:39:51 +0000] \"GET /health HTTP/1.1\" 200 75 \"-\" \"HTTPie\"","service":"acquisitions-api","timestamp":"2026-05-24T09:39:51.708Z"}
{"level":"info","message":"::1 - - [24/May/2026:09:39:52 +0000] \"GET /health HTTP/1.1\" 200 75 \"-\" \"HTTPie\"","service":"acquisitions-api","timestamp":"2026-05-24T09:39:52.120Z"}
{"level":"info","message":"::1 - - [24/May/2026:09:39:52 +0000] \"GET /health HTTP/1.1\" 200 75 \"-\" \"HTTPie\"","service":"acquisitions-api","timestamp":"2026-05-24T09:39:52.425Z"}
{"level":"info","message":"::1 - - [24/May/2026:09:39:52 +0000] \"GET /health HTTP/1.1\" 200 75 \"-\" \"HTTPie\"","service":"acquisitions-api","timestamp":"2026-05-24T09:39:52.735Z"}
{"level":"info","message":"::1 - - [24/May/2026:09:39:53 +0000] \"GET /health HTTP/1.1\" 200 75 \"-\" \"HTTPie\"","service":"acquisitions-api","timestamp":"2026-05-24T09:39:53.041Z"}
{"level":"info","message":"::1 - - [24/May/2026:09:39:53 +0000] \"GET /health HTTP/1.1\" 200 75 \"-\" \"HTTPie\"","service":"acquisitions-api","timestamp":"2026-05-24T09:39:53.352Z"}
{"level":"info","message":"::1 - - [24/May/2026:09:39:53 +0000] \"GET /health HTTP/1.1\" 200 75 \"-\" \"HTTPie\"","service":"acquisitions-api","timestamp":"2026-05-24T09:39:53.571Z"}
{"level":"info","message":"::1 - - [24/May/2026:09:39:53 +0000] \"GET /health HTTP/1.1\" 200 75 \"-\" \"HTTPie\"","service":"acquisitions-api","timestamp":"2026-05-24T09:39:53.944Z"}
{"level":"info","message":"::1 - - [24/May/2026:09:39:54 +0000] \"GET /health HTTP/1.1\" 200 74 \"-\" \"HTTPie\"","service":"acquisitions-api","timestamp":"2026-05-24T09:39:54.268Z"}
{"level":"info","message":"::1 - - [24/May/2026:09:39:54 +0000] \"GET /health HTTP/1.1\" 200 75 \"-\" \"HTTPie\"","service":"acquisitions-api","timestamp":"2026-05-24T09:39:54.574Z"}
{"level":"info","message":"::1 - - [24/May/2026:09:39:54 +0000] \"GET /health HTTP/1.1\" 200 75 \"-\" \"HTTPie\"","service":"acquisitions-api","timestamp":"2026-05-24T09:39:54.986Z"}
{"level":"info","message":"::1 - - [24/May/2026:09:39:55 +0000] \"GET /health HTTP/1.1\" 200 75 \"-\" \"HTTPie\"","service":"acquisitions-api","timestamp":"2026-05-24T09:39:55.321Z"}
{"level":"info","message":"::1 - - [24/May/2026:09:39:55 +0000] \"GET /health HTTP/1.1\" 200 75 \"-\" \"HTTPie\"","service":"acquisitions-api","timestamp":"2026-05-24T09:39:55.600Z"}
{"level":"info","message":"::1 - - [24/May/2026:09:39:55 +0000] \"GET /health HTTP/1.1\" 200 75 \"-\" \"HTTPie\"","service":"acquisitions-api","timestamp":"2026-05-24T09:39:55.937Z"}
{"level":"info","message":"::1 - - [24/May/2026:09:39:56 +0000] \"GET /health HTTP/1.1\" 200 75 \"-\" \"HTTPie\"","service":"acquisitions-api","timestamp":"2026-05-24T09:39:56.217Z"}
{"level":"info","message":"::1 - - [24/May/2026:09:39:56 +0000] \"GET /health HTTP/1.1\" 200 75 \"-\" \"HTTPie\"","service":"acquisitions-api","timestamp":"2026-05-24T09:39:56.545Z"}
{"level":"info","message":"::1 - - [24/May/2026:09:39:56 +0000] \"GET /health HTTP/1.1\" 200 75 \"-\" \"HTTPie\"","service":"acquisitions-api","timestamp":"2026-05-24T09:39:56.932Z"}
{"level":"info","message":"::1 - - [24/May/2026:09:39:57 +0000] \"GET /health HTTP/1.1\" 200 75 \"-\" \"HTTPie\"","service":"acquisitions-api","timestamp":"2026-05-24T09:39:57.339Z"}
{"level":"info","message":"::1 - - [24/May/2026:09:39:57 +0000] \"GET /health HTTP/1.1\" 200 75 \"-\" \"HTTPie\"","service":"acquisitions-api","timestamp":"2026-05-24T09:39:57.647Z"}
{"level":"info","message":"::1 - - [24/May/2026:09:39:57 +0000] \"GET /health HTTP/1.1\" 200 75 \"-\" \"HTTPie\"","service":"acquisitions-api","timestamp":"2026-05-24T09:39:57.959Z"}
{"level":"info","message":"::1 - - [24/May/2026:09:39:58 +0000] \"GET /health HTTP/1.1\" 200 75 \"-\" \"HTTPie\"","service":"acquisitions-api","timestamp":"2026-05-24T09:39:58.260Z"}
{"level":"info","message":"::1 - - [24/May/2026:09:39:58 +0000] \"GET /health HTTP/1.1\" 200 75 \"-\" \"HTTPie\"","service":"acquisitions-api","timestamp":"2026-05-24T09:39:58.571Z"}
{"level":"info","message":"::1 - - [24/May/2026:09:41:25 +0000] \"GET /health HTTP/1.1\" 200 75 \"-\" \"HTTPie\"","service":"acquisitions-api","timestamp":"2026-05-24T09:41:25.105Z"}
{"level":"info","message":"::1 - - [24/May/2026:09:41:25 +0000] \"GET /health HTTP/1.1\" 200 75 \"-\" \"HTTPie\"","service":"acquisitions-api","timestamp":"2026-05-24T09:41:25.463Z"}
{"level":"info","message":"::1 - - [24/May/2026:09:41:25 +0000] \"GET /health HTTP/1.1\" 200 75 \"-\" \"HTTPie\"","service":"acquisitions-api","timestamp":"2026-05-24T09:41:25.884Z"}
{"level":"info","message":"::1 - - [24/May/2026:09:41:26 +0000] \"GET /health HTTP/1.1\" 200 75 \"-\" \"HTTPie\"","service":"acquisitions-api","timestamp":"2026-05-24T09:41:26.224Z"}
{"level":"info","message":"::1 - - [24/May/2026:09:41:26 +0000] \"GET /health HTTP/1.1\" 200 75 \"-\" \"HTTPie\"","service":"acquisitions-api","timestamp":"2026-05-24T09:41:26.541Z"}
{"level":"info","message":"::1 - - [24/May/2026:09:41:26 +0000] \"GET /health HTTP/1.1\" 200 75 \"-\" \"HTTPie\"","service":"acquisitions-api","timestamp":"2026-05-24T09:41:26.894Z"}
{"level":"info","message":"::1 - - [24/May/2026:09:41:27 +0000] \"GET /health HTTP/1.1\" 200 75 \"-\" \"HTTPie\"","service":"acquisitions-api","timestamp":"2026-05-24T09:41:27.259Z"}
{"level":"info","message":"::1 - - [24/May/2026:09:41:27 +0000] \"GET /health HTTP/1.1\" 200 75 \"-\" \"HTTPie\"","service":"acquisitions-api","timestamp":"2026-05-24T09:41:27.553Z"}
{"level":"info","message":"::1 - - [24/May/2026:09:41:27 +0000] \"GET /health HTTP/1.1\" 200 75 \"-\" \"HTTPie\"","service":"acquisitions-api","timestamp":"2026-05-24T09:41:27.859Z"}
{"level":"info","message":"::1 - - [24/May/2026:09:41:28 +0000] \"GET /health HTTP/1.1\" 200 75 \"-\" \"HTTPie\"","service":"acquisitions-api","timestamp":"2026-05-24T09:41:28.167Z"}
{"level":"info","message":"::1 - - [24/May/2026:09:41:28 +0000] \"GET /health HTTP/1.1\" 200 75 \"-\" \"HTTPie\"","service":"acquisitions-api","timestamp":"2026-05-24T09:41:28.474Z"}
{"level":"info","message":"::1 - - [24/May/2026:09:41:28 +0000] \"GET /health HTTP/1.1\" 200 75 \"-\" \"HTTPie\"","service":"acquisitions-api","timestamp":"2026-05-24T09:41:28.783Z"}
{"level":"info","message":"::1 - - [24/May/2026:09:41:29 +0000] \"GET /health HTTP/1.1\" 200 75 \"-\" \"HTTPie\"","service":"acquisitions-api","timestamp":"2026-05-24T09:41:29.190Z"}
{"level":"info","message":"::1 - - [24/May/2026:09:41:29 +0000] \"GET /health HTTP/1.1\" 200 75 \"-\" \"HTTPie\"","service":"acquisitions-api","timestamp":"2026-05-24T09:41:29.519Z"}
{"level":"info","message":"::1 - - [24/May/2026:09:41:29 +0000] \"GET /health HTTP/1.1\" 200 75 \"-\" \"HTTPie\"","service":"acquisitions-api","timestamp":"2026-05-24T09:41:29.767Z"}
{"level":"info","message":"::1 - - [24/May/2026:09:41:30 +0000] \"GET /health HTTP/1.1\" 200 75 \"-\" \"HTTPie\"","service":"acquisitions-api","timestamp":"2026-05-24T09:41:30.113Z"}
{"level":"info","message":"::1 - - [24/May/2026:09:41:30 +0000] \"GET /health HTTP/1.1\" 200 74 \"-\" \"HTTPie\"","service":"acquisitions-api","timestamp":"2026-05-24T09:41:30.459Z"}
{"level":"info","message":"::1 - - [24/May/2026:09:41:30 +0000] \"GET /health HTTP/1.1\" 200 75 \"-\" \"HTTPie\"","service":"acquisitions-api","timestamp":"2026-05-24T09:41:30.729Z"}
{"level":"info","message":"::1 - - [24/May/2026:09:41:31 +0000] \"GET /health HTTP/1.1\" 200 75 \"-\" \"HTTPie\"","service":"acquisitions-api","timestamp":"2026-05-24T09:41:31.035Z"}
{"level":"info","message":"::1 - - [24/May/2026:09:41:31 +0000] \"GET /health HTTP/1.1\" 200 75 \"-\" \"HTTPie\"","service":"acquisitions-api","timestamp":"2026-05-24T09:41:31.444Z"}
{"level":"info","message":"::1 - - [24/May/2026:09:41:31 +0000] \"GET /health HTTP/1.1\" 200 74 \"-\" \"HTTPie\"","service":"acquisitions-api","timestamp":"2026-05-24T09:41:31.759Z"}
{"level":"info","message":"::1 - - [24/May/2026:09:41:32 +0000] \"GET /health HTTP/1.1\" 200 75 \"-\" \"HTTPie\"","service":"acquisitions-api","timestamp":"2026-05-24T09:41:32.059Z"}
{"level":"info","message":"::1 - - [24/May/2026:09:41:32 +0000] \"GET /health HTTP/1.1\" 200 75 \"-\" \"HTTPie\"","service":"acquisitions-api","timestamp":"2026-05-24T09:41:32.367Z"}
{"level":"info","message":"::1 - - [24/May/2026:09:41:32 +0000] \"GET /health HTTP/1.1\" 200 75 \"-\" \"HTTPie\"","service":"acquisitions-api","timestamp":"2026-05-24T09:41:32.696Z"}
{"level":"info","message":"::1 - - [24/May/2026:09:41:33 +0000] \"GET /health HTTP/1.1\" 200 75 \"-\" \"HTTPie\"","service":"acquisitions-api","timestamp":"2026-05-24T09:41:33.083Z"}
{"level":"info","message":"::1 - - [24/May/2026:09:41:33 +0000] \"GET /health HTTP/1.1\" 200 75 \"-\" \"HTTPie\"","service":"acquisitions-api","timestamp":"2026-05-24T09:41:33.390Z"}
{"level":"info","message":"::1 - - [24/May/2026:09:41:33 +0000] \"GET /health HTTP/1.1\" 200 75 \"-\" \"HTTPie\"","service":"acquisitions-api","timestamp":"2026-05-24T09:41:33.696Z"}
{"level":"info","message":"::1 - - [24/May/2026:09:41:34 +0000] \"GET /health HTTP/1.1\" 200 75 \"-\" \"HTTPie\"","service":"acquisitions-api","timestamp":"2026-05-24T09:41:34.031Z"}
{"level":"info","message":"::1 - - [24/May/2026:09:41:34 +0000] \"GET /health HTTP/1.1\" 200 74 \"-\" \"HTTPie\"","service":"acquisitions-api","timestamp":"2026-05-24T09:41:34.414Z"}
{"level":"info","message":"::1 - - [24/May/2026:09:41:34 +0000] \"GET /health HTTP/1.1\" 200 75 \"-\" \"HTTPie\"","service":"acquisitions-api","timestamp":"2026-05-24T09:41:34.720Z"}
{"level":"info","message":"::1 - - [24/May/2026:09:41:35 +0000] \"GET /health HTTP/1.1\" 200 75 \"-\" \"HTTPie\"","service":"acquisitions-api","timestamp":"2026-05-24T09:41:35.028Z"}
{"level":"info","message":"::1 - - [24/May/2026:09:41:35 +0000] \"GET /health HTTP/1.1\" 200 75 \"-\" \"HTTPie\"","service":"acquisitions-api","timestamp":"2026-05-24T09:41:35.335Z"}
{"level":"info","message":"::1 - - [24/May/2026:09:41:35 +0000] \"GET /health HTTP/1.1\" 200 75 \"-\" \"HTTPie\"","service":"acquisitions-api","timestamp":"2026-05-24T09:41:35.643Z"}
{"level":"info","message":"::1 - - [24/May/2026:09:41:36 +0000] \"GET /health HTTP/1.1\" 200 73 \"-\" \"HTTPie\"","service":"acquisitions-api","timestamp":"2026-05-24T09:41:36.052Z"}
{"level":"info","message":"::1 - - [24/May/2026:09:41:36 +0000] \"GET /health HTTP/1.1\" 200 75 \"-\" \"HTTPie\"","service":"acquisitions-api","timestamp":"2026-05-24T09:41:36.461Z"}
{"level":"info","message":"::1 - - [24/May/2026:09:41:36 +0000] \"GET /health HTTP/1.1\" 200 75 \"-\" \"HTTPie\"","service":"acquisitions-api","timestamp":"2026-05-24T09:41:36.872Z"}
{"level":"info","message":"::1 - - [24/May/2026:09:41:37 +0000] \"GET /health HTTP/1.1\" 200 75 \"-\" \"HTTPie\"","service":"acquisitions-api","timestamp":"2026-05-24T09:41:37.209Z"}
{"level":"info","message":"::1 - - [24/May/2026:09:41:37 +0000] \"GET /health HTTP/1.1\" 200 75 \"-\" \"HTTPie\"","service":"acquisitions-api","timestamp":"2026-05-24T09:41:37.486Z"}
{"level":"info","message":"::1 - - [24/May/2026:09:41:37 +0000] \"GET /health HTTP/1.1\" 200 75 \"-\" \"HTTPie\"","service":"acquisitions-api","timestamp":"2026-05-24T09:41:37.792Z"}
{"level":"info","message":"::1 - - [24/May/2026:09:41:38 +0000] \"GET /health HTTP/1.1\" 200 75 \"-\" \"HTTPie\"","service":"acquisitions-api","timestamp":"2026-05-24T09:41:38.101Z"}
{"level":"info","message":"::1 - - [24/May/2026:09:41:38 +0000] \"GET /health HTTP/1.1\" 200 75 \"-\" \"HTTPie\"","service":"acquisitions-api","timestamp":"2026-05-24T09:41:38.407Z"}
{"level":"info","message":"::1 - - [24/May/2026:09:41:38 +0000] \"GET /health HTTP/1.1\" 200 75 \"-\" \"HTTPie\"","service":"acquisitions-api","timestamp":"2026-05-24T09:41:38.817Z"}
{"level":"info","message":"::1 - - [24/May/2026:09:41:39 +0000] \"GET /health HTTP/1.1\" 200 75 \"-\" \"HTTPie\"","service":"acquisitions-api","timestamp":"2026-05-24T09:41:39.124Z"}
{"level":"info","message":"::1 - - [24/May/2026:09:41:39 +0000] \"GET /health HTTP/1.1\" 200 75 \"-\" \"HTTPie\"","service":"acquisitions-api","timestamp":"2026-05-24T09:41:39.431Z"}
{"level":"info","message":"::1 - - [24/May/2026:09:41:39 +0000] \"GET /health HTTP/1.1\" 200 75 \"-\" \"HTTPie\"","service":"acquisitions-api","timestamp":"2026-05-24T09:41:39.737Z"}
{"level":"info","message":"::1 - - [24/May/2026:09:41:40 +0000] \"GET /health HTTP/1.1\" 200 75 \"-\" \"HTTPie\"","service":"acquisitions-api","timestamp":"2026-05-24T09:41:40.045Z"}
{"level":"info","message":"::1 - - [24/May/2026:09:41:40 +0000] \"GET /health HTTP/1.1\" 200 75 \"-\" \"HTTPie\"","service":"acquisitions-api","timestamp":"2026-05-24T09:41:40.455Z"}
{"level":"info","message":"::1 - - [24/May/2026:09:41:40 +0000] \"GET /health HTTP/1.1\" 200 75 \"-\" \"HTTPie\"","service":"acquisitions-api","timestamp":"2026-05-24T09:41:40.866Z"}
{"level":"info","message":"::1 - - [24/May/2026:09:41:41 +0000] \"GET /health HTTP/1.1\" 200 74 \"-\" \"HTTPie\"","service":"acquisitions-api","timestamp":"2026-05-24T09:41:41.171Z"}
{"level":"info","message":"::1 - - [24/May/2026:09:41:41 +0000] \"GET /health HTTP/1.1\" 200 75 \"-\" \"HTTPie\"","service":"acquisitions-api","timestamp":"2026-05-24T09:41:41.481Z"}
{"level":"info","message":"::1 - - [24/May/2026:09:41:41 +0000] \"GET /health HTTP/1.1\" 200 75 \"-\" \"HTTPie\"","service":"acquisitions-api","timestamp":"2026-05-24T09:41:41.746Z"}
{"level":"info","message":"::1 - - [24/May/2026:09:41:42 +0000] \"GET /health HTTP/1.1\" 200 75 \"-\" \"HTTPie\"","service":"acquisitions-api","timestamp":"2026-05-24T09:41:42.298Z"}
{"level":"info","message":"::1 - - [24/May/2026:09:41:42 +0000] \"GET /health HTTP/1.1\" 200 75 \"-\" \"HTTPie\"","service":"acquisitions-api","timestamp":"2026-05-24T09:41:42.708Z"}
{"level":"info","message":"::1 - - [24/May/2026:09:41:43 +0000] \"GET /health HTTP/1.1\" 200 75 \"-\" \"HTTPie\"","service":"acquisitions-api","timestamp":"2026-05-24T09:41:43.016Z"}
{"level":"info","message":"::1 - - [24/May/2026:09:41:43 +0000] \"GET /health HTTP/1.1\" 200 75 \"-\" \"HTTPie\"","service":"acquisitions-api","timestamp":"2026-05-24T09:41:43.321Z"}
{"level":"info","message":"::1 - - [24/May/2026:09:41:43 +0000] \"GET /health HTTP/1.1\" 200 75 \"-\" \"HTTPie\"","service":"acquisitions-api","timestamp":"2026-05-24T09:41:43.630Z"}
{"level":"info","message":"::1 - - [24/May/2026:09:41:43 +0000] \"GET /health HTTP/1.1\" 200 75 \"-\" \"HTTPie\"","service":"acquisitions-api","timestamp":"2026-05-24T09:41:43.936Z"}
{"level":"info","message":"::1 - - [24/May/2026:09:41:44 +0000] \"GET /health HTTP/1.1\" 200 75 \"-\" \"HTTPie\"","service":"acquisitions-api","timestamp":"2026-05-24T09:41:44.245Z"}
{"level":"info","message":"::1 - - [24/May/2026:09:41:44 +0000] \"GET /health HTTP/1.1\" 200 74 \"-\" \"HTTPie\"","service":"acquisitions-api","timestamp":"2026-05-24T09:41:44.725Z"}
{"level":"info","message":"::1 - - [24/May/2026:09:41:45 +0000] \"GET /health HTTP/1.1\" 200 75 \"-\" \"HTTPie\"","service":"acquisitions-api","timestamp":"2026-05-24T09:41:45.064Z"}
{"level":"info","message":"::1 - - [24/May/2026:09:41:45 +0000] \"GET /health HTTP/1.1\" 200 75 \"-\" \"HTTPie\"","service":"acquisitions-api","timestamp":"2026-05-24T09:41:45.474Z"}
{"level":"info","message":"::1 - - [24/May/2026:09:41:45 +0000] \"GET /health HTTP/1.1\" 200 75 \"-\" \"HTTPie\"","service":"acquisitions-api","timestamp":"2026-05-24T09:41:45.817Z"}
{"level":"info","message":"::1 - - [24/May/2026:09:41:46 +0000] \"GET /health HTTP/1.1\" 200 75 \"-\" \"HTTPie\"","service":"acquisitions-api","timestamp":"2026-05-24T09:41:46.190Z"}
{"level":"info","message":"::1 - - [24/May/2026:09:41:46 +0000] \"GET /health HTTP/1.1\" 200 75 \"-\" \"HTTPie\"","service":"acquisitions-api","timestamp":"2026-05-24T09:41:46.439Z"}
{"level":"info","message":"::1 - - [24/May/2026:09:41:46 +0000] \"GET /health HTTP/1.1\" 200 75 \"-\" \"HTTPie\"","service":"acquisitions-api","timestamp":"2026-05-24T09:41:46.804Z"}
{"level":"info","message":"::1 - - [24/May/2026:09:41:47 +0000] \"GET /health HTTP/1.1\" 200 75 \"-\" \"HTTPie\"","service":"acquisitions-api","timestamp":"2026-05-24T09:41:47.214Z"}
{"level":"info","message":"::1 - - [24/May/2026:09:41:47 +0000] \"GET /health HTTP/1.1\" 200 75 \"-\" \"HTTPie\"","service":"acquisitions-api","timestamp":"2026-05-24T09:41:47.625Z"}
{"level":"info","message":"::1 - - [24/May/2026:09:41:48 +0000] \"GET /health HTTP/1.1\" 200 74 \"-\" \"HTTPie\"","service":"acquisitions-api","timestamp":"2026-05-24T09:41:48.032Z"}
{"level":"info","message":"::1 - - [24/May/2026:09:41:48 +0000] \"GET /health HTTP/1.1\" 200 75 \"-\" \"HTTPie\"","service":"acquisitions-api","timestamp":"2026-05-24T09:41:48.442Z"}
{"level":"info","message":"::1 - - [24/May/2026:09:41:48 +0000] \"GET /health HTTP/1.1\" 200 75 \"-\" \"HTTPie\"","service":"acquisitions-api","timestamp":"2026-05-24T09:41:48.749Z"}
{"level":"info","message":"::1 - - [24/May/2026:09:41:49 +0000] \"GET /health HTTP/1.1\" 200 75 \"-\" \"HTTPie\"","service":"acquisitions-api","timestamp":"2026-05-24T09:41:49.775Z"}
{"level":"info","message":"::1 - - [24/May/2026:09:44:07 +0000] \"GET /health HTTP/1.1\" 200 76 \"-\" \"HTTPie\"","service":"acquisitions-api","timestamp":"2026-05-24T09:44:07.322Z"}
{"level":"info","message":"::1 - - [24/May/2026:09:44:07 +0000] \"GET /health HTTP/1.1\" 200 76 \"-\" \"HTTPie\"","service":"acquisitions-api","timestamp":"2026-05-24T09:44:07.705Z"}
{"level":"info","message":"::1 - - [24/May/2026:09:44:08 +0000] \"GET /health HTTP/1.1\" 200 76 \"-\" \"HTTPie\"","service":"acquisitions-api","timestamp":"2026-05-24T09:44:08.110Z"}
{"level":"info","message":"::1 - - [24/May/2026:09:44:08 +0000] \"GET /health HTTP/1.1\" 200 75 \"-\" \"HTTPie\"","service":"acquisitions-api","timestamp":"2026-05-24T09:44:08.421Z"}
{"level":"info","message":"::1 - - [24/May/2026:09:44:08 +0000] \"GET /health HTTP/1.1\" 200 76 \"-\" \"HTTPie\"","service":"acquisitions-api","timestamp":"2026-05-24T09:44:08.738Z"}
{"ip":"::1","level":"warn","message":"Rate limit exceeded","path":"/health","service":"acquisitions-api","timestamp":"2026-05-24T09:44:09.136Z","userAgent":"HTTPie"}
{"level":"info","message":"::1 - - [24/May/2026:09:44:09 +0000] \"GET /health HTTP/1.1\" 429 59 \"-\" \"HTTPie\"","service":"acquisitions-api","timestamp":"2026-05-24T09:44:09.138Z"}
{"ip":"::1","level":"warn","message":"Rate limit exceeded","path":"/health","service":"acquisitions-api","timestamp":"2026-05-24T09:44:09.265Z","userAgent":"HTTPie"}
{"level":"info","message":"::1 - - [24/May/2026:09:44:09 +0000] \"GET /health HTTP/1.1\" 429 59 \"-\" \"HTTPie\"","service":"acquisitions-api","timestamp":"2026-05-24T09:44:09.266Z"}
{"ip":"::1","level":"warn","message":"Rate limit exceeded","path":"/health","service":"acquisitions-api","timestamp":"2026-05-24T09:44:09.450Z","userAgent":"HTTPie"}
{"level":"info","message":"::1 - - [24/May/2026:09:44:09 +0000] \"GET /health HTTP/1.1\" 429 59 \"-\" \"HTTPie\"","service":"acquisitions-api","timestamp":"2026-05-24T09:44:09.451Z"}
{"ip":"::1","level":"warn","message":"Rate limit exceeded","path":"/health","service":"acquisitions-api","timestamp":"2026-05-24T09:44:09.655Z","userAgent":"HTTPie"}
{"level":"info","message":"::1 - - [24/May/2026:09:44:09 +0000] \"GET /health HTTP/1.1\" 429 59 \"-\" \"HTTPie\"","service":"acquisitions-api","timestamp":"2026-05-24T09:44:09.656Z"}
{"ip":"::1","level":"warn","message":"Rate limit exceeded","path":"/health","service":"acquisitions-api","timestamp":"2026-05-24T09:44:09.809Z","userAgent":"HTTPie"}
{"level":"info","message":"::1 - - [24/May/2026:09:44:09 +0000] \"GET /health HTTP/1.1\" 429 59 \"-\" \"HTTPie\"","service":"acquisitions-api","timestamp":"2026-05-24T09:44:09.811Z"}
{"ip":"::1","level":"warn","message":"Rate limit exceeded","path":"/health","service":"acquisitions-api","timestamp":"2026-05-24T09:44:10.016Z","userAgent":"HTTPie"}
{"level":"info","message":"::1 - - [24/May/2026:09:44:10 +0000] \"GET /health HTTP/1.1\" 429 59 \"-\" \"HTTPie\"","service":"acquisitions-api","timestamp":"2026-05-24T09:44:10.017Z"}
{"ip":"::1","level":"warn","message":"Rate limit exceeded","path":"/health","service":"acquisitions-api","timestamp":"2026-05-24T09:44:10.213Z","userAgent":"HTTPie"}
{"level":"info","message":"::1 - - [24/May/2026:09:44:10 +0000] \"GET /health HTTP/1.1\" 429 59 \"-\" \"HTTPie\"","service":"acquisitions-api","timestamp":"2026-05-24T09:44:10.215Z"}
{"level":"info","message":"::1 - - [24/May/2026:11:59:21 +0000] \"GET /health HTTP/1.1\" 200 76 \"-\" \"-\"","service":"acquisitions-api","timestamp":"2026-05-24T11:59:21.359Z"}
{"level":"info","message":"::1 - - [24/May/2026:11:59:51 +0000] \"GET /health HTTP/1.1\" 200 76 \"-\" \"-\"","service":"acquisitions-api","timestamp":"2026-05-24T11:59:51.673Z"}
{"level":"info","message":"::1 - - [24/May/2026:12:00:22 +0000] \"GET /health HTTP/1.1\" 200 76 \"-\" \"-\"","service":"acquisitions-api","timestamp":"2026-05-24T12:00:22.031Z"}
{"level":"info","message":"::1 - - [24/May/2026:12:00:52 +0000] \"GET /health HTTP/1.1\" 200 77 \"-\" \"-\"","service":"acquisitions-api","timestamp":"2026-05-24T12:00:52.357Z"}
{"level":"info","message":"::1 - - [24/May/2026:12:01:22 +0000] \"GET /health HTTP/1.1\" 200 77 \"-\" \"-\"","service":"acquisitions-api","timestamp":"2026-05-24T12:01:22.671Z"}
{"level":"info","message":"::1 - - [24/May/2026:12:01:53 +0000] \"GET /health HTTP/1.1\" 200 76 \"-\" \"-\"","service":"acquisitions-api","timestamp":"2026-05-24T12:01:53.005Z"}
{"level":"info","message":"::1 - - [24/May/2026:12:02:23 +0000] \"GET /health HTTP/1.1\" 200 77 \"-\" \"-\"","service":"acquisitions-api","timestamp":"2026-05-24T12:02:23.373Z"}
{"level":"info","message":"::1 - - [24/May/2026:12:02:53 +0000] \"GET /health HTTP/1.1\" 200 77 \"-\" \"-\"","service":"acquisitions-api","timestamp":"2026-05-24T12:02:53.727Z"}
{"level":"info","message":"::1 - - [24/May/2026:12:03:24 +0000] \"GET /health HTTP/1.1\" 200 77 \"-\" \"-\"","service":"acquisitions-api","timestamp":"2026-05-24T12:03:24.089Z"}
{"level":"info","message":"::1 - - [24/May/2026:12:03:54 +0000] \"GET /health HTTP/1.1\" 200 77 \"-\" \"-\"","service":"acquisitions-api","timestamp":"2026-05-24T12:03:54.428Z"}
{"level":"info","message":"::1 - - [24/May/2026:12:04:24 +0000] \"GET /health HTTP/1.1\" 200 77 \"-\" \"-\"","service":"acquisitions-api","timestamp":"2026-05-24T12:04:24.763Z"}
{"level":"info","message":"::1 - - [24/May/2026:12:04:55 +0000] \"GET /health HTTP/1.1\" 200 77 \"-\" \"-\"","service":"acquisitions-api","timestamp":"2026-05-24T12:04:55.251Z"}
{"level":"info","message":"::1 - - [24/May/2026:12:05:25 +0000] \"GET /health HTTP/1.1\" 200 77 \"-\" \"-\"","service":"acquisitions-api","timestamp":"2026-05-24T12:05:25.596Z"}
{"level":"info","message":"::1 - - [24/May/2026:12:05:55 +0000] \"GET /health HTTP/1.1\" 200 77 \"-\" \"-\"","service":"acquisitions-api","timestamp":"2026-05-24T12:05:55.930Z"}
{"level":"info","message":"::1 - - [24/May/2026:12:06:26 +0000] \"GET /health HTTP/1.1\" 200 77 \"-\" \"-\"","service":"acquisitions-api","timestamp":"2026-05-24T12:06:26.329Z"}
{"level":"info","message":"::1 - - [24/May/2026:12:06:56 +0000] \"GET /health HTTP/1.1\" 200 76 \"-\" \"-\"","service":"acquisitions-api","timestamp":"2026-05-24T12:06:56.701Z"}
{"level":"info","message":"::1 - - [24/May/2026:12:07:27 +0000] \"GET /health HTTP/1.1\" 200 77 \"-\" \"-\"","service":"acquisitions-api","timestamp":"2026-05-24T12:07:27.054Z"}
{"level":"info","message":"::1 - - [24/May/2026:12:07:57 +0000] \"GET /health HTTP/1.1\" 200 77 \"-\" \"-\"","service":"acquisitions-api","timestamp":"2026-05-24T12:07:57.430Z"}
{"level":"info","message":"::1 - - [24/May/2026:12:08:27 +0000] \"GET /health HTTP/1.1\" 200 77 \"-\" \"-\"","service":"acquisitions-api","timestamp":"2026-05-24T12:08:27.765Z"}
{"level":"info","message":"::1 - - [24/May/2026:12:08:59 +0000] \"GET /health HTTP/1.1\" 200 77 \"-\" \"-\"","service":"acquisitions-api","timestamp":"2026-05-24T12:08:59.281Z"}
{"level":"info","message":"::1 - - [24/May/2026:12:09:30 +0000] \"GET /health HTTP/1.1\" 200 77 \"-\" \"-\"","service":"acquisitions-api","timestamp":"2026-05-24T12:09:30.833Z"}
{"level":"info","message":"::1 - - [24/May/2026:12:10:01 +0000] \"GET /health HTTP/1.1\" 200 77 \"-\" \"-\"","service":"acquisitions-api","timestamp":"2026-05-24T12:10:01.232Z"}
{"level":"info","message":"::1 - - [24/May/2026:12:10:31 +0000] \"GET /health HTTP/1.1\" 200 77 \"-\" \"-\"","service":"acquisitions-api","timestamp":"2026-05-24T12:10:31.725Z"}
{"level":"info","message":"::1 - - [24/May/2026:12:11:02 +0000] \"GET /health HTTP/1.1\" 200 77 \"-\" \"-\"","service":"acquisitions-api","timestamp":"2026-05-24T12:11:02.090Z"}
{"level":"info","message":"::1 - - [24/May/2026:12:11:32 +0000] \"GET /health HTTP/1.1\" 200 77 \"-\" \"-\"","service":"acquisitions-api","timestamp":"2026-05-24T12:11:32.498Z"}
{"level":"info","message":"::1 - - [24/May/2026:12:12:02 +0000] \"GET /health HTTP/1.1\" 200 77 \"-\" \"-\"","service":"acquisitions-api","timestamp":"2026-05-24T12:12:02.847Z"}
{"level":"info","message":"::1 - - [24/May/2026:12:12:33 +0000] \"GET /health HTTP/1.1\" 200 77 \"-\" \"-\"","service":"acquisitions-api","timestamp":"2026-05-24T12:12:33.427Z"}
{"level":"info","message":"::1 - - [24/May/2026:12:13:03 +0000] \"GET /health HTTP/1.1\" 200 77 \"-\" \"-\"","service":"acquisitions-api","timestamp":"2026-05-24T12:13:03.782Z"}
{"level":"info","message":"::1 - - [24/May/2026:12:13:34 +0000] \"GET /health HTTP/1.1\" 200 77 \"-\" \"-\"","service":"acquisitions-api","timestamp":"2026-05-24T12:13:34.160Z"}
{"level":"info","message":"::1 - - [24/May/2026:12:14:04 +0000] \"GET /health HTTP/1.1\" 200 77 \"-\" \"-\"","service":"acquisitions-api","timestamp":"2026-05-24T12:14:04.512Z"}
{"level":"info","message":"::1 - - [24/May/2026:12:14:34 +0000] \"GET /health HTTP/1.1\" 200 77 \"-\" \"-\"","service":"acquisitions-api","timestamp":"2026-05-24T12:14:34.884Z"}
{"level":"info","message":"::1 - - [24/May/2026:12:15:05 +0000] \"GET /health HTTP/1.1\" 200 77 \"-\" \"-\"","service":"acquisitions-api","timestamp":"2026-05-24T12:15:05.244Z"}
{"level":"info","message":"::1 - - [24/May/2026:12:15:35 +0000] \"GET /health HTTP/1.1\" 200 78 \"-\" \"-\"","service":"acquisitions-api","timestamp":"2026-05-24T12:15:35.642Z"}
{"level":"info","message":"::1 - - [24/May/2026:12:16:06 +0000] \"GET /health HTTP/1.1\" 200 78 \"-\" \"-\"","service":"acquisitions-api","timestamp":"2026-05-24T12:16:06.009Z"}
{"level":"info","message":"::1 - - [24/May/2026:12:16:36 +0000] \"GET /health HTTP/1.1\" 200 78 \"-\" \"-\"","service":"acquisitions-api","timestamp":"2026-05-24T12:16:36.433Z"}
{"level":"info","message":"::1 - - [24/May/2026:12:17:06 +0000] \"GET /health HTTP/1.1\" 200 78 \"-\" \"-\"","service":"acquisitions-api","timestamp":"2026-05-24T12:17:06.816Z"}
{"level":"info","message":"::1 - - [24/May/2026:12:17:37 +0000] \"GET /health HTTP/1.1\" 200 78 \"-\" \"-\"","service":"acquisitions-api","timestamp":"2026-05-24T12:17:37.388Z"}
{"level":"info","message":"::1 - - [24/May/2026:12:18:07 +0000] \"GET /health HTTP/1.1\" 200 78 \"-\" \"-\"","service":"acquisitions-api","timestamp":"2026-05-24T12:18:07.796Z"}
{"level":"info","message":"::ffff:172.19.0.1 - - [24/May/2026:12:18:09 +0000] \"GET /health HTTP/1.1\" 200 78 \"-\" \"HTTPie\"","service":"acquisitions-api","timestamp":"2026-05-24T12:18:09.152Z"}
{"level":"info","message":"::1 - - [24/May/2026:12:18:38 +0000] \"GET /health HTTP/1.1\" 200 78 \"-\" \"-\"","service":"acquisitions-api","timestamp":"2026-05-24T12:18:38.042Z"}
{"level":"info","message":"::1 - - [24/May/2026:12:19:08 +0000] \"GET /health HTTP/1.1\" 200 78 \"-\" \"-\"","service":"acquisitions-api","timestamp":"2026-05-24T12:19:08.444Z"}
{"level":"info","message":"::1 - - [24/May/2026:12:19:38 +0000] \"GET /health HTTP/1.1\" 200 78 \"-\" \"-\"","service":"acquisitions-api","timestamp":"2026-05-24T12:19:38.764Z"}
{"level":"info","message":"Hello from Acquisitions!","service":"acquisitions-api","timestamp":"2026-05-24T12:20:06.933Z"}
{"level":"info","message":"::ffff:172.19.0.1 - - [24/May/2026:12:20:06 +0000] \"GET / HTTP/1.1\" 200 24 \"-\" \"HTTPie\"","service":"acquisitions-api","timestamp":"2026-05-24T12:20:06.942Z"}
{"level":"info","message":"::1 - - [24/May/2026:12:20:09 +0000] \"GET /health HTTP/1.1\" 200 78 \"-\" \"-\"","service":"acquisitions-api","timestamp":"2026-05-24T12:20:09.128Z"}
{"level":"info","message":"::ffff:172.19.0.1 - - [24/May/2026:12:20:18 +0000] \"GET /api/signup HTTP/1.1\" 404 149 \"-\" \"HTTPie\"","service":"acquisitions-api","timestamp":"2026-05-24T12:20:18.437Z"}
{"level":"info","message":"::ffff:172.19.0.1 - - [24/May/2026:12:20:34 +0000] \"GET /api/auth/sign-up HTTP/1.1\" 404 155 \"-\" \"HTTPie\"","service":"acquisitions-api","timestamp":"2026-05-24T12:20:34.019Z"}
{"level":"info","message":"::1 - - [24/May/2026:12:20:39 +0000] \"GET /health HTTP/1.1\" 200 78 \"-\" \"-\"","service":"acquisitions-api","timestamp":"2026-05-24T12:20:39.462Z"}
{"level":"info","message":"::1 - - [24/May/2026:12:21:09 +0000] \"GET /health HTTP/1.1\" 200 78 \"-\" \"-\"","service":"acquisitions-api","timestamp":"2026-05-24T12:21:09.800Z"}
{"level":"info","message":"::1 - - [24/May/2026:12:21:40 +0000] \"GET /health HTTP/1.1\" 200 78 \"-\" \"-\"","service":"acquisitions-api","timestamp":"2026-05-24T12:21:40.156Z"}
{"level":"info","message":"::1 - - [24/May/2026:12:22:10 +0000] \"GET /health HTTP/1.1\" 200 78 \"-\" \"-\"","service":"acquisitions-api","timestamp":"2026-05-24T12:22:10.505Z"}
{"level":"info","message":"::1 - - [24/May/2026:12:22:40 +0000] \"GET /health HTTP/1.1\" 200 78 \"-\" \"-\"","service":"acquisitions-api","timestamp":"2026-05-24T12:22:40.873Z"}
{"level":"info","message":"::1 - - [24/May/2026:12:23:11 +0000] \"GET /health HTTP/1.1\" 200 78 \"-\" \"-\"","service":"acquisitions-api","timestamp":"2026-05-24T12:23:11.266Z"}
{"level":"info","message":"::1 - - [24/May/2026:12:24:05 +0000] \"GET /health HTTP/1.1\" 200 76 \"-\" \"-\"","service":"acquisitions-api","timestamp":"2026-05-24T12:24:05.916Z"}
{"level":"info","message":"::1 - - [24/May/2026:12:24:36 +0000] \"GET /health HTTP/1.1\" 200 76 \"-\" \"-\"","service":"acquisitions-api","timestamp":"2026-05-24T12:24:36.279Z"}
{"level":"info","message":"::1 - - [24/May/2026:12:25:06 +0000] \"GET /health HTTP/1.1\" 200 76 \"-\" \"-\"","service":"acquisitions-api","timestamp":"2026-05-24T12:25:06.625Z"}
{"level":"info","message":"::1 - - [24/May/2026:12:25:37 +0000] \"GET /health HTTP/1.1\" 200 77 \"-\" \"-\"","service":"acquisitions-api","timestamp":"2026-05-24T12:25:37.862Z"}
{"level":"info","message":"::1 - - [24/May/2026:12:26:08 +0000] \"GET /health HTTP/1.1\" 200 77 \"-\" \"-\"","service":"acquisitions-api","timestamp":"2026-05-24T12:26:08.305Z"}
